obj-id,name,type,lat,lon,importance,file_name
eb9a94fc-ccdd-44fb-8527-201b59bb62e8,"Osiecz Wielki, gmina Boniewo, powiat włocławski, województwo kujawsko-pomorskie, 87-851, Polska",village,52.4383846,18.9018895,0.44054450316591,Aniela_Tulodziecka.txt
c9fb1208-b0b4-4b16-ba53-7138180afe13,"Poznań, województwo wielkopolskie, Polska",administrative,52.4006522,16.9197520238885,0.78569206422978,Aniela_Tulodziecka.txt
ed5b25dc-d2a3-4790-8153-ed7e899a9685,"Poznań, województwo wielkopolskie, Polska",administrative,52.4006522,16.9197520238885,0.78569206422978,Aniela_Tulodziecka.txt
0c8bdfb8-c435-49c6-b74d-2cab07167cdc,"Dąbrowa, Kielce, województwo świętokrzyskie, 25-459, Polska",neighbourhood,50.9059439,20.6652453,0.38613333173007,Aniela_Tulodziecka.txt
bb5543e4-53ca-4d8f-bba3-c74cabbb2717,"Poznań, województwo wielkopolskie, Polska",administrative,52.4006522,16.9197520238885,0.78569206422978,Aniela_Tulodziecka.txt
9650f171-2de5-40fe-b36f-ecef6e0bca8a,"Poznań, województwo wielkopolskie, Polska",administrative,52.4006522,16.9197520238885,0.78569206422978,Aniela_Tulodziecka.txt
1949bc4c-76c4-4508-a522-eac861dd1958,"Poznań, województwo wielkopolskie, Polska",administrative,52.4006522,16.9197520238885,0.78569206422978,Aniela_Tulodziecka.txt
f9e6a9c9-2d88-4115-8a45-93864f40da5f,"Poznań, województwo wielkopolskie, Polska",administrative,52.4006522,16.9197520238885,0.78569206422978,Aniela_Tulodziecka.txt
8bb65252-7df4-4522-bdef-fcc6454f3960,"Warszawa, województwo mazowieckie, Polska",administrative,52.2337172,21.0714111288323,0.86290184643018,Aniela_Tulodziecka.txt
eb8f8aa2-2368-413e-a741-f14a0ab20cdf,"Poznań, województwo wielkopolskie, Polska",administrative,52.4006522,16.9197520238885,0.78569206422978,Aniela_Tulodziecka.txt
78149afb-064a-417f-8dea-cf356472c354,"Warszawa, województwo mazowieckie, Polska",administrative,52.2337172,21.0714111288323,0.86290184643018,Aniela_Tulodziecka.txt
01ca0cc8-a6bc-48a6-bcdf-c7ae82c4060c,"Grodno, obwód grodzieński, Białoruś",city,53.6834599,23.8342648,0.66452669323231,Eliza_Orzeszkowa.txt
917add25-424d-42eb-bf6f-eebfe1194eb1,"Grodno, obwód grodzieński, Białoruś",city,53.6834599,23.8342648,0.66452669323231,Eliza_Orzeszkowa.txt
c7775191-67a3-4bb8-a4ee-a64c8b9694b4,"Карл Маркса, Аманкарагай, Аулиекольский район, Костанайская область, Kazachstan",residential,52.3942261,64.0766537,0.1,Eliza_Orzeszkowa.txt
b795b2aa-3c2b-4feb-b61e-552997cd1003,"Warszawa, województwo mazowieckie, Polska",administrative,52.2337172,21.0714111288323,0.86290184643018,Eliza_Orzeszkowa.txt
40b62af5-6870-431d-98fe-2c34705c2c2e,"Ludwinowo, gmina Raczki, powiat suwalski, województwo podlaskie, Polska",administrative,54.0133215,22.7288267,0.39330015574966,Eliza_Orzeszkowa.txt
7eaf2662-3de4-4cc9-b629-624b1d6065f9,"Ludwinowo, gmina Raczki, powiat suwalski, województwo podlaskie, Polska",administrative,54.0133215,22.7288267,0.39330015574966,Eliza_Orzeszkowa.txt
59200e9d-a887-45f0-959e-a9c17e4e31a9,"Warszawa, województwo mazowieckie, Polska",administrative,52.2337172,21.0714111288323,0.86290184643018,Eliza_Orzeszkowa.txt
69da0d5b-27c5-403c-adda-83536b927927,"Ludwinowo, gmina Raczki, powiat suwalski, województwo podlaskie, Polska",administrative,54.0133215,22.7288267,0.29330015574966,Eliza_Orzeszkowa.txt
17794d2b-7043-41a7-b536-ea92c28b56a1,"Ludwinowo, gmina Raczki, powiat suwalski, województwo podlaskie, Polska",administrative,54.0133215,22.7288267,0.39330015574966,Eliza_Orzeszkowa.txt
c7792777-6553-46b0-8613-60a57ce574be,"Ludwinowo, gmina Raczki, powiat suwalski, województwo podlaskie, Polska",administrative,54.0133215,22.7288267,0.39330015574966,Eliza_Orzeszkowa.txt
790211fb-f611-4ede-bb05-9486d1e0756f,"Sybir, gmina Radomyśl Wielki, powiat mielecki, województwo podkarpackie, 39-312, Polska",hamlet,50.1704678,21.2309832,0.375,Eliza_Orzeszkowa.txt
b17a638c-7da5-4504-b503-8bde05206ebb,"Grodno, obwód grodzieński, Białoruś",city,53.6834599,23.8342648,0.66452669323231,Eliza_Orzeszkowa.txt
34711166-8476-4201-b2d3-982778f94d50,"Petersburg, rejon centralny, Sankt Petersburg, Północno-Zachodni Okręg Federalny, 190000, Rosja",city,59.938732,30.316229,0.82771842591033,Eliza_Orzeszkowa.txt
835884b5-a79e-4e51-9614-426c0611ade3,"Grodno, obwód grodzieński, Białoruś",city,53.6834599,23.8342648,0.66452669323231,Eliza_Orzeszkowa.txt
fd318867-499a-41f7-be6d-9ab280354d58,"Interlaken, Verwaltungskreis Interlaken-Oberhasli, Verwaltungsregion Oberland, Berno, 3800, Szwajcaria",administrative,46.6855231,7.8585139,0.58554729854301,Eliza_Orzeszkowa.txt
9dc27d2e-0557-4be5-a8f0-830e576833d3,"Jungfrau, Lauterbrunnen, Verwaltungskreis Interlaken-Oberhasli, Verwaltungsregion Oberland, Berno, 3801, Szwajcaria",peak,46.5367739,7.9625907,0.56328064002702,Eliza_Orzeszkowa.txt
6dddcb32-c1f0-43fe-9e29-2487edb6af19,"Zurych, Bezirk Zürich, Zurych, Szwajcaria",city,47.3723941,8.5423328,0.8033923064304,Eliza_Orzeszkowa.txt
9d6459d2-ecfb-4ef0-9529-794f07c7809e,"Muzeum Polskie w Rapperswilu, Hintergasse, Rapperswil-Jona, Wahlkreis See-Gaster, Sankt Gallen, 8640, Szwajcaria",museum,47.2272484,8.8156217,0.45699840250201,Eliza_Orzeszkowa.txt
6d5ada6e-dfe6-4fcc-8755-7f5304abc6c2,"Rheinfall, Rheinfall Rundweg, Laufen-Uhwiesen, Bezirk Andelfingen, Zurych, 8248, Szwajcaria",attraction,47.6778348,8.6153284,0.46204844474975,Eliza_Orzeszkowa.txt
3ffbf1f8-665a-4da4-b5cc-7a1bcc61fc3a,"Grodno, obwód grodzieński, Białoruś",city,53.6834599,23.8342648,0.66452669323231,Eliza_Orzeszkowa.txt
8e26827d-9156-4970-a533-8e9a7c603033,Polska,administrative,52.0977181,19.0258159,0.99229898543353,Eliza_Orzeszkowa.txt
5bcca075-3e1c-4128-9136-344b49b3f992,"Lwów, rejon halicki, Rada Miejska Lwowa, Obwód lwowski, Ukraina",city,49.841952,24.0315921,0.78998765957834,Eliza_Orzeszkowa.txt
e3bd6ca0-b0c2-4b00-81d8-566ee961ecea,"Grodno, obwód grodzieński, Białoruś",city,53.6834599,23.8342648,0.66452669323231,Eliza_Orzeszkowa.txt
e26c9579-bf8f-4439-9625-1823e8d8f410,"Grodno, obwód grodzieński, Białoruś",city,53.6834599,23.8342648,0.66452669323231,Eliza_Orzeszkowa.txt
69f151e0-8452-49b3-91dc-c5bf431f8385,"Suwałki, województwo podlaskie, Polska",administrative,54.1027125,22.9318782174945,0.63630101634876,Eliza_Orzeszkowa.txt
28a642a6-a613-46c6-a7d1-eacea1e7a159,"Suwałki, województwo podlaskie, Polska",administrative,54.1027125,22.9318782174945,0.63630101634876,Eliza_Orzeszkowa.txt
e19de02f-ab5a-4fc8-b83b-df5fa66e94b7,"Warszawa, województwo mazowieckie, Polska",administrative,52.2337172,21.0714111288323,0.86290184643018,Eliza_Orzeszkowa.txt
b259039c-49f2-40b2-a616-6ebae172f9fa,"Niemen, gmina Merec, rejon orański, Okręg olicki, 99350, Litwa",river,54.1571793,24.1804145,0.42356246868834,Eliza_Orzeszkowa.txt
ea0226ac-39ba-4d71-b236-129ee1730973,"Kraków, województwo małopolskie, Polska",administrative,50.04691015,19.9970637622827,0.81714770710777,Eliza_Orzeszkowa.txt
30b82365-e185-4f12-abe2-ef3b433a9e95,"Warszawa, województwo mazowieckie, Polska",administrative,52.2337172,21.0714111288323,0.86290184643018,Eliza_Orzeszkowa.txt
75c4ac15-c1c4-49e9-a46f-a40559a15cc0,"Grodno, obwód grodzieński, Białoruś",city,53.6834599,23.8342648,0.66452669323231,Eliza_Orzeszkowa.txt
1b32d1bd-1448-4e51-9a0c-44eac2e7b10d,Szwajcaria,administrative,46.7985624,8.2319736,0.95809962364501,Eliza_Orzeszkowa.txt
f245b228-22a8-4ef7-91fc-ae8f71b628fd,"Kraków, województwo małopolskie, Polska",administrative,50.04691015,19.9970637622827,0.81714770710777,Eliza_Orzeszkowa.txt
57b68aff-eecf-45f3-9508-d7bc2844418b,"Warszawa, województwo mazowieckie, Polska",administrative,52.2337172,21.0714111288323,0.86290184643018,Eliza_Orzeszkowa.txt
26fe89dc-4951-4566-ab18-58b07cf03ed1,"województwo podlaskie, Polska",administrative,53.2668455,22.8525787,0.69134395347837,Eliza_Orzeszkowa.txt
ccf79d34-22c3-483a-82fb-300e809920ed,"Łomża, województwo podlaskie, Polska",administrative,53.18243065,22.0521838178088,0.52394421459897,Eliza_Orzeszkowa.txt
79ed971d-e1e9-4b65-bd9f-4da3035e08c5,"Kraków, województwo małopolskie, Polska",administrative,50.04691015,19.9970637622827,0.81714770710777,Eliza_Orzeszkowa.txt
34e41293-65c6-4519-afb2-4d204ef0460f,"Warszawa, województwo mazowieckie, Polska",administrative,52.2337172,21.0714111288323,0.86290184643018,Eliza_Orzeszkowa.txt
670db8e1-0073-4f3d-a47c-7e687d10b4b9,"Kraków, województwo małopolskie, Polska",administrative,50.04691015,19.9970637622827,0.81714770710777,Eliza_Orzeszkowa.txt
c6813af0-33ba-485a-9795-40a03d4500ba,"Kraków, województwo małopolskie, Polska",administrative,50.04691015,19.9970637622827,0.81714770710777,Eliza_Orzeszkowa.txt
653c357c-57f9-4586-8389-5e87c3c3805c,"Warszawa, województwo mazowieckie, Polska",administrative,52.2337172,21.0714111288323,0.86290184643018,Eliza_Orzeszkowa.txt
737fbda6-f5bc-42fa-ab34-4d3c156021de,"Gdańsk, województwo pomorskie, Polska",administrative,54.36143405,18.6282184755727,0.77915633250529,Eliza_Orzeszkowa.txt
7dec9d48-410a-4d36-b0b9-fa72c97e58eb,"Warszawa, województwo mazowieckie, Polska",administrative,52.2337172,21.0714111288323,0.86290184643018,Eliza_Orzeszkowa.txt
6e82051e-6f34-4b8c-86dc-966a7b2f97aa,"Warszawa, województwo mazowieckie, Polska",administrative,52.2337172,21.0714111288323,0.86290184643018,Eliza_Orzeszkowa.txt
269c6fc6-b90c-44f7-8a34-a758f3bd1bf5,"województwo podlaskie, Polska",administrative,53.2668455,22.8525787,0.69134395347837,Eliza_Orzeszkowa.txt
2c880e50-0cef-4947-bb2d-d79a4e93fe2c,"Broda, gmina Brusy, powiat chojnicki, województwo pomorskie, 89-632, Polska",village,53.87566,17.81982,0.37810883699101,Emilia_Sczaniecka.txt
1e4fba65-f41d-48c3-b3d6-82505c92950e,"Pakosław, gmina Będzino, powiat koszaliński, województwo zachodniopomorskie, 76-037, Polska",hamlet,54.1943893,16.0239952,0.375,Emilia_Sczaniecka.txt
aeb1a0a6-af72-412d-9d15-323afd5bebc1,"Głaz pamięci 200. rocznicy urzodzin hrabiego Augusta Cieszkowskiego, Powstańców Wielkopolskich, Stary Luboń, Luboń, powiat poznański, województwo wielkopolskie, 62-031, Polska",memorial,52.3490913,16.8904434,0.39401684500863,Emilia_Sczaniecka.txt
0a505593-65d9-4767-99f1-79e97ed51c09,"Parafia Rzymskokatolicka pw. Św. Walentego w Pakosławiu, Góry Zaorlińskie, Pakosław, gmina Pakosław, powiat rawicki, województwo wielkopolskie, 63-920, Polska",churchyard,51.6165077,17.05816213018,0.3,Emilia_Sczaniecka.txt
34b465ee-dca3-4161-8d70-41d54afd5e61,"Slavonski Brod, Grad Slavonski Brod, Brodsko-posavska županija, Chorwacja",city,45.1662364,18.012177,0.44144697774473,Emilia_Sczaniecka.txt
e1406873-e6b5-40dd-bfc4-5b33e4278607,"Warszawa, województwo mazowieckie, Polska",administrative,52.2337172,21.0714111288323,0.86290184643018,Emilia_Sczaniecka.txt
d36eed36-0545-4d94-9b13-f551c750dd9b,"Pruski, Rejon hoszczański, Obwód rówieński, 35442, Ukraina",village,50.554272,26.54331,0.38323539012287,Emilia_Sczaniecka.txt
bd0aa36c-5a9d-4918-a53a-733f23cc1295,"Września, gmina Września, powiat wrzesiński, województwo wielkopolskie, 62-300, Polska",administrative,52.3250694,17.5652282,0.57230302747053,Emilia_Sczaniecka.txt
38d8001e-6cb5-429c-a878-d168272872ad,"Osiedle Poznańskie, Kostrzyn, gmina Kostrzyn, powiat poznański, województwo wielkopolskie, 62-025, Polska",neighbourhood,52.397015,17.2151062,0.3,Emilia_Sczaniecka.txt
9feed314-b643-4147-b8b5-93428c8c37ff,"Nowy Tomyśl, gmina Nowy Tomyśl, powiat nowotomyski, województwo wielkopolskie, 64-300, Polska",administrative,52.3177643,16.1291553,0.59047487619448,Emilia_Sczaniecka.txt
e34372ce-0452-4530-9b3a-ac34ce1dd1dd,"Poznań, województwo wielkopolskie, Polska",administrative,52.4006522,16.9197520238885,0.78569206422978,Emilia_Sczaniecka.txt
3f2210b4-e28a-4dd5-97ee-a4e8e84eed1a,"województwo pomorskie, Polska",administrative,54.143148,17.9057338,0.6921409378683,Emilia_Sczaniecka.txt
6d037089-ca34-4fd7-a6e7-357d21b80a29,"Pniewy, gmina Pniewy, powiat szamotulski, województwo wielkopolskie, Polska",administrative,52.5089624,16.2566411,0.52081447782527,Emilia_Sczaniecka.txt
831240f2-1421-43c8-a84b-385f232f8fa2,"Kuślin, gmina Kuślin, powiat nowotomyski, województwo wielkopolskie, 64-316, Polska",village,52.36271,16.31559,0.36392466723397,Emilia_Sczaniecka.txt
d3e9ed3f-1778-43d1-b7d4-48e2f4b3bf41,"Parafia Rzymskokatolicka pw. Św. Walentego w Pakosławiu, Góry Zaorlińskie, Pakosław, gmina Pakosław, powiat rawicki, województwo wielkopolskie, 63-920, Polska",churchyard,51.6165077,17.05816213018,0.3,Emilia_Sczaniecka.txt
f0d96bf8-030e-4937-87f1-0c1911db4742,"Lwówek, gmina Lwówek, powiat nowotomyski, województwo wielkopolskie, 64-310, Polska",administrative,52.4489307,16.1803554,0.50267994661108,Emilia_Sczaniecka.txt
7a5bbfcf-a0ee-45cd-aa20-1d55c3de5573,"Książ Wielkopolski, gmina Książ Wielkopolski, powiat śremski, województwo wielkopolskie, Polska",administrative,52.0623513,17.2395591,0.59126926678759,Emilia_Sczaniecka.txt
fac025ae-1884-45c1-98ca-cd7771f1242f,"Szczaniec, gmina Szczaniec, powiat świebodziński, województwo lubuskie, 66-225, Polska",administrative,52.2692546,15.6855248,0.35552306351606,Emilia_Sczaniecka.txt
21897843-1d3b-4715-ac65-fc8efa56a76d,"Poznań, województwo wielkopolskie, Polska",administrative,52.4006522,16.9197520238885,0.78569206422978,Emilia_Sczaniecka.txt
b10abf13-4db8-4800-a36f-921a95590e0d,"województwo wielkopolskie, Polska",administrative,52.1458506,17.397672,0.62358596938496,Emilia_Sczaniecka.txt
3a8c93b3-fc6d-44e1-843d-7d74011be8d3,"Warszawa, województwo mazowieckie, Polska",administrative,52.2337172,21.0714111288323,0.86290184643018,Emilia_Sczaniecka.txt
2205f459-f3e5-42bd-a58c-12949d793cc0,"województwo wielkopolskie, Polska",administrative,52.1458506,17.397672,0.62358596938496,Emilia_Sczaniecka.txt
df09a443-9f5f-471d-8aa3-31cc2a0cd15c,"Warszawa, województwo mazowieckie, Polska",administrative,52.2337172,21.0714111288323,0.86290184643018,Emilia_Sczaniecka.txt
43f7152f-b59e-440a-8325-326e53098b48,"Pniewy, gmina Pniewy, powiat szamotulski, województwo wielkopolskie, Polska",administrative,52.5089624,16.2566411,0.52081447782527,Emilia_Sczaniecka.txt
3fcd36da-40c7-4aca-a2ab-20f6177c9dfb,"Pniewy, gmina Pniewy, powiat szamotulski, województwo wielkopolskie, Polska",administrative,52.5089624,16.2566411,0.52081447782527,Emilia_Sczaniecka.txt
a5f6a81c-b228-4fb5-a8df-73dc034ef38f,"Kraków, województwo małopolskie, Polska",administrative,50.04691015,19.9970637622827,0.81714770710777,Helena_Modrzejewska.txt
aa7133ed-a6eb-47d5-bc26-795a224e8852,"Newport Beach, Orange County, Kalifornia, USA",city,33.6170092,-117.9294401,0.65631325724067,Helena_Modrzejewska.txt
49518de4-1f29-4f98-ba71-7d2792619406,"Grodzka, II, Śródmieście, Warszawa, województwo mazowieckie, 00-301, Polska",secondary_link,52.2486293,21.0182658,0.254561534822,Helena_Modrzejewska.txt
47dfe2d4-92f0-49c7-81be-9ee3684ec10f,"Newport Beach, Orange County, Kalifornia, USA",city,33.6170092,-117.9294401,0.65631325724067,Helena_Modrzejewska.txt
5098e37e-3d99-4b7b-8d77-66746cc51352,"Przemyśl, województwo podkarpackie, Polska",administrative,49.78355525,22.7885113030701,0.67003278552133,Helena_Modrzejewska.txt
57d4b1ed-9a29-41d9-91a8-a48d2859f623,"Lwów, rejon halicki, Rada Miejska Lwowa, Obwód lwowski, Ukraina",city,49.841952,24.0315921,0.78998765957834,Helena_Modrzejewska.txt
5187a44e-8a26-4e95-a216-876cae32ab4a,"Czerniowce, Rejon perszotrawnieński, Czerniowce, Obwód czerniowiecki, 58000-58033, Ukraina",city,48.2864702,25.9376532,0.79893542144842,Helena_Modrzejewska.txt
8e2edb71-a84c-4475-8363-f62207971c6c,"Kraków, województwo małopolskie, Polska",administrative,50.04691015,19.9970637622827,0.81714770710777,Helena_Modrzejewska.txt
e3dc2aeb-ec01-4ca5-a9ab-ccdeef017808,"Kalifornia, USA",administrative,36.7014631,-118.7559974,0.944818372042,Helena_Modrzejewska.txt
69804a04-49f3-40db-ab88-f289d81f5557,"Anaheim, Orange County, Kalifornia, USA",city,33.8347516,-117.911732,0.69164393262363,Helena_Modrzejewska.txt
1dd6b4fb-1fd1-46ed-97ec-f10b1603c6f7,Polska,administrative,52.0977181,19.0258159,0.99229898543353,Helena_Modrzejewska.txt
4c39bd3c-0897-4c65-901b-719ab4bcd07c,"Warszawa, województwo mazowieckie, Polska",administrative,52.2337172,21.0714111288323,0.86290184643018,Helena_Modrzejewska.txt
54caf400-4aae-49b9-9293-5be443e4558d,"California Theatre, 562, West 4th Street, San Bernardino, San Bernardino County, Kalifornia, 92401, USA",cinema,34.10679155,-117.295460699767,0.43670773196559,Helena_Modrzejewska.txt
eb65f375-a36b-4140-8b60-b60e91ab6759,"Chicago, Cook County, Illinois, USA",city,41.8755616,-87.6244212,0.88264761048889,Helena_Modrzejewska.txt
3d984b66-c4d1-4cdc-b34d-3b697141b93f,"Lwów, rejon halicki, Rada Miejska Lwowa, Obwód lwowski, Ukraina",city,49.841952,24.0315921,0.78998765957834,Helena_Modrzejewska.txt
4a550532-4f8e-4976-9225-fcf55d507d51,"Kraków, województwo małopolskie, Polska",administrative,50.04691015,19.9970637622827,0.81714770710777,Helena_Modrzejewska.txt
1bad8459-343b-4e06-ac1b-49d14caf5ada,"Kraków, województwo małopolskie, Polska",administrative,50.04691015,19.9970637622827,0.81714770710777,Helena_Modrzejewska.txt
4d94d6e7-c0c8-47c5-815a-a32ddbcbf969,Albania,administrative,41.000028,19.9999619,0.74703440476257,Helena_Modrzejewska.txt
a40e790d-410c-490d-864f-2751645effe3,"Willa Modrzejówka, 3, Spokojna, Bednarzówka, Rabka-Zdrój, gmina Rabka-Zdrój, powiat nowotarski, województwo małopolskie, 34-700, Polska",yes,49.6086436,19.954199432279,0.001,Helena_Modrzejewska.txt
eaf3809b-b85f-4966-bd33-01b50b372005,"Nowy Jork, USA",city,40.7127281,-74.0060152,0.98292818999099,Helena_Modrzejewska.txt
b6c8a7e5-255f-4fae-8a4a-3544e102f63e,"Bay Island, Worcester County, Maryland, USA",island,38.0733357,-75.2301484992008,0.525,Helena_Modrzejewska.txt
15b01d88-14c5-46c1-b920-2ed8ca2fa77b,"Rakowice, gmina Wróblew, powiat sieradzki, województwo łódzkie, 98-285, Polska",village,51.5861961,18.6249339,0.22603047907589,Helena_Modrzejewska.txt
d900b780-20c4-41cf-b3b4-cc08dd9cd4b3,USA,administrative,39.7837304,-100.4458825,1.044692348398,Helena_Modrzejewska.txt
37405026-45b6-41e3-bcc7-ac571641a8c8,"Kraków, województwo małopolskie, Polska",administrative,50.04691015,19.9970637622827,0.81714770710777,Helena_Modrzejewska.txt
80787d33-6864-4a12-a7ec-6fd26f2d8c0e,USA,administrative,39.7837304,-100.4458825,1.044692348398,Helena_Modrzejewska.txt
9f03c705-2dcc-4e1b-b8b7-e85e09f4f60d,"Andrzej, Borowiec, Zaborze, gmina Oświęcim, powiat oświęcimski, województwo małopolskie, 32-615, Polska",water,50.00180825,19.2412320876129,0.101,Helena_Modrzejewska.txt
b30ca750-5b90-4351-a4a2-b268550722a9,"Kalifornia, USA",administrative,36.7014631,-118.7559974,0.944818372042,Helena_Modrzejewska.txt
e8d42717-d758-4017-9882-aeb7e95a8b7a,"Kraków, województwo małopolskie, Polska",administrative,50.04691015,19.9970637622827,0.81714770710777,Helena_Modrzejewska.txt
5bbb7062-ac82-4f0b-8b03-66750cfbda35,"Kraków, województwo małopolskie, Polska",administrative,50.04691015,19.9970637622827,0.81714770710777,Helena_Modrzejewska.txt
27f29911-41fe-42f4-a71f-5f5be0319e29,"Kraków, województwo małopolskie, Polska",administrative,50.04691015,19.9970637622827,0.81714770710777,Helena_Modrzejewska.txt
3dbd7ac4-c487-425f-b0bc-8742593f7535,"Ameryka, Borownica, gmina Bircza, powiat przemyski, województwo podkarpackie, Polska",peak,49.7065516,22.2783387,0.4,Helena_Modrzejewska.txt
9b379255-a460-4d35-abaf-638e98da58bc,"Szczecin, województwo zachodniopomorskie, Polska",administrative,53.42968095,14.5929126702923,0.75328171844165,Helena_Modrzejewska.txt
bbcf2574-5abe-4191-abc9-795f91dae6ce,"Warszawa, województwo mazowieckie, Polska",administrative,52.2337172,21.0714111288323,0.86290184643018,Helena_Modrzejewska.txt
5b027b97-0d8c-4c50-81cc-365378ff95fc,"Warszawa, województwo mazowieckie, Polska",administrative,52.2337172,21.0714111288323,0.86290184643018,Helena_Modrzejewska.txt
7c1e4d06-b09a-47c4-82f9-c17ce4001fac,"Kraków, województwo małopolskie, Polska",administrative,50.04691015,19.9970637622827,0.81714770710777,Helena_Modrzejewska.txt
4c204c07-fc7d-4dee-a7be-11ad5555449f,"Warszawa, województwo mazowieckie, Polska",administrative,52.2337172,21.0714111288323,0.86290184643018,Jadwiga_Luszczewska.txt
44f54b79-3c47-4b4e-8a7b-65fd5b4aea1d,"Warszawa, województwo mazowieckie, Polska",administrative,52.2337172,21.0714111288323,0.86290184643018,Jadwiga_Luszczewska.txt
b489c1b0-9243-4c33-bfca-52233196c380,"Warszawa, województwo mazowieckie, Polska",administrative,52.2337172,21.0714111288323,0.86290184643018,Jadwiga_Luszczewska.txt
c6222c91-a698-4f4d-a433-9f37afa66e77,"Malbork, powiat malborski, województwo pomorskie, 82-200, Polska",administrative,54.0359361,19.0348817,0.62060759065129,Jadwiga_Luszczewska.txt
767e677c-98c2-4218-8916-1886c60e2083,"Góry, gmina Obrazów, powiat sandomierski, województwo świętokrzyskie, 27-540, Polska",hamlet,50.7058333,21.5391667,0.475,Jadwiga_Luszczewska.txt
9d816a2d-b175-4eed-8d6d-c3aab5b9e14e,"Pieniny, Stoki, Widzew, Łódź-Widzew, Łódź, województwo łódzkie, 92-003, Polska",tertiary,51.780581,19.5264376,0.2,Jadwiga_Luszczewska.txt
a03b95b2-45d3-45e6-a451-618f97c9fec9,"Karpaty, Harghita, 535705, Rumunia",mountain_range,47.0005707,25.5017192,0.7259551616636,Jadwiga_Luszczewska.txt
d09effa1-b3a2-481d-9a13-39142bac7678,Austria,country,47.2000338,13.199959,0.95184600089328,Jadwiga_Luszczewska.txt
09576f25-a913-4051-9d7b-a4063cbac91a,"Warszawa, województwo mazowieckie, Polska",administrative,52.2337172,21.0714111288323,0.86290184643018,Jadwiga_Luszczewska.txt
81da392d-74f3-45f4-987d-08ba23a3979f,Rosja,administrative,64.6863136,97.7453061,1.0002676968769,Jadwiga_Luszczewska.txt
a006e402-58ed-4d67-abb3-01d0e2667c1c,"Warszawa, województwo mazowieckie, Polska",administrative,52.2337172,21.0714111288323,0.86290184643018,Jadwiga_Luszczewska.txt
d97d865c-6c3b-4b30-991c-d5a2574f54e2,"Piłsudskiego U. Marszałkowski 08, Pułaskiego, Rzeszów, województwo podkarpackie, Polska",bus_stop,50.04176745,21.997906968506,0.2,Jadwiga_Luszczewska.txt
1d960ae3-c85a-4d67-b8de-2d0089a38fa5,"Warszawa, województwo mazowieckie, Polska",administrative,52.2337172,21.0714111288323,0.86290184643018,Jadwiga_Luszczewska.txt
b99667c4-5210-479c-8beb-30f068daaa0f,"Cmentarz Powązkowski, Wola, Warszawa, województwo mazowieckie, 01-163, Polska",cemetery,52.25057095,20.9686857022637,0.55852394732137,Jadwiga_Luszczewska.txt
6b1dcd43-ab4d-4a6d-8dd7-90b3ad85ac49,"Łódź, województwo łódzkie, Polska",administrative,51.77305755,19.4783822195225,0.66475365685755,Jadwiga_Luszczewska.txt
3987e966-5c81-43fa-a104-f9432795b9f8,"Deotyma, 85, Obozowa, Osiedle Towarzystwa Osiedli Robotniczych (TOR), Wola, Warszawa, województwo mazowieckie, 01-423, Polska",information,52.246868,20.9478662,0.101,Jadwiga_Luszczewska.txt
a1d96b01-c465-4860-b30b-221c861a1c2a,"Słupsk, województwo pomorskie, 76-200, Polska",administrative,54.46057085,17.0277300370177,0.65574244918869,Jadwiga_Luszczewska.txt
1ee620eb-2eaf-48a7-ba9b-b48d943d2434,"Dolina Prądnika, Zielone Wzgórze, Witkowice, Prądnik Biały, Zielonki, gmina Zielonki, powiat krakowski, województwo małopolskie, 31-222, Polska",protected_area,50.104904,19.9331874138206,0.201,Jadwiga_Luszczewska.txt
b3fc9814-90b2-4186-8365-0ff347f33813,"Warszawa, województwo mazowieckie, Polska",administrative,52.2337172,21.0714111288323,0.86290184643018,Jadwiga_Luszczewska.txt
4d806836-ca31-4f04-be65-a395a8f7c2ea,"Warszawa, województwo mazowieckie, Polska",administrative,52.2337172,21.0714111288323,0.86290184643018,Jadwiga_Luszczewska.txt
3ef0a68b-d521-4cd2-ad02-1630c8b90e95,"Warszawa, województwo mazowieckie, Polska",administrative,52.2337172,21.0714111288323,0.86290184643018,Jadwiga_Luszczewska.txt
d79c0bb2-2351-429c-b035-22f73e066b66,"Cmentarz Powązkowski, Wola, Warszawa, województwo mazowieckie, 01-163, Polska",cemetery,52.25057095,20.9686857022637,0.55852394732137,Jadwiga_Luszczewska.txt
1cb087c8-810f-4962-9986-5513402493f8,"Warszawa, województwo mazowieckie, Polska",administrative,52.2337172,21.0714111288323,0.86290184643018,Jadwiga_Luszczewska.txt
031388e0-020a-443d-a6f2-0d0d438d137f,"Warszawa, województwo mazowieckie, Polska",administrative,52.2337172,21.0714111288323,0.86290184643018,Jadwiga_Luszczewska.txt
e7cbf36e-1119-42a4-a52d-6eddacfdbebb,"Warszawa, województwo mazowieckie, Polska",administrative,52.2337172,21.0714111288323,0.86290184643018,Jadwiga_Zamoyska.txt
d4c58728-e086-4f5e-baba-72c25791b9e6,"Kórnik, gmina Kórnik, powiat poznański, województwo wielkopolskie, 62-035, Polska",administrative,52.2492751,17.0901242,0.52950710347042,Jadwiga_Zamoyska.txt
16272c76-fe66-4578-a869-2df7a16b8794,"Warszawa, województwo mazowieckie, Polska",administrative,52.2337172,21.0714111288323,0.86290184643018,Jadwiga_Zamoyska.txt
67d27b44-cbd6-4e88-b77c-a313e4cf450b,"Kórnik, gmina Kórnik, powiat poznański, województwo wielkopolskie, 62-035, Polska",administrative,52.2492751,17.0901242,0.52950710347042,Jadwiga_Zamoyska.txt
30824a57-7a3a-46e6-9e2f-b2ed1877e05d,"Hôtel Lambert, Quai d'Anjou, Îles, 4e, Paryż, Île-de-France, Francja, 75004, Francja",yes,48.8509945,2.35977563857774,0.36522811055188,Jadwiga_Zamoyska.txt
e5672cb6-5f5f-475f-8dce-e2dc2eff248f,Wielka Brytania,administrative,55.367,-3.96141844454237,0.9669205638616,Jadwiga_Zamoyska.txt
f17fdb9b-6022-4971-84f5-20864b558f2f,Francja,administrative,46.603354,1.8883335,1.0612226863487,Jadwiga_Zamoyska.txt
8b247622-037c-41e9-b241-c4c576311783,"Kórnik, gmina Kórnik, powiat poznański, województwo wielkopolskie, 62-035, Polska",administrative,52.2492751,17.0901242,0.52950710347042,Jadwiga_Zamoyska.txt
f093bed0-c27e-4870-860a-07644f5429b7,Francja,administrative,46.603354,1.8883335,1.0612226863487,Jadwiga_Zamoyska.txt
904db016-8189-40b4-ae69-58ccec8e2e72,"Kuźnice, gmina Pruszcz Gdański, powiat gdański, województwo pomorskie, 83-010, Polska",hamlet,54.2694444,18.5855556,0.375,Jadwiga_Zamoyska.txt
904af785-ab21-4618-971e-dd50114bb11d,Polska,administrative,52.0977181,19.0258159,0.99229898543353,Jadwiga_Zamoyska.txt
31ba0157-6e3c-4471-8726-819f1d2ef922,"Paryż, Île-de-France, Francja",administrative,48.85881005,2.32003101155031,0.96893459932191,Jadwiga_Zamoyska.txt
6500a51f-0811-45e2-9f23-9a8f205eab6b,"Kórnik, gmina Kórnik, powiat poznański, województwo wielkopolskie, 62-035, Polska",administrative,52.2492751,17.0901242,0.52950710347042,Jadwiga_Zamoyska.txt
71ea81fc-a955-4133-87c3-35dab5b57c32,"Anglia, Wielka Brytania",administrative,52.7954791,-0.540240286617432,0.98304807461303,Jadwiga_Zamoyska.txt
338abff6-2d81-42e2-869e-f45327ad9e75,"Poznań, województwo wielkopolskie, Polska",administrative,52.4006522,16.9197520238885,0.78569206422978,Jadwiga_Zamoyska.txt
652bec5d-c889-4c62-8ace-aaace3e5c5a2,"Tatry, gmina Brody, powiat starachowicki, województwo świętokrzyskie, Polska",administrative,51.0302773,21.2172154,0.45,Jadwiga_Zamoyska.txt
b39c88fd-1ebb-44cc-8a51-3fb4c1d416b4,"Kuźnice, gmina Pruszcz Gdański, powiat gdański, województwo pomorskie, 83-010, Polska",hamlet,54.2694444,18.5855556,0.375,Jadwiga_Zamoyska.txt
bbbd10f7-121a-4532-bd0e-ef9ff48d9cef,"Warszawa, województwo mazowieckie, Polska",administrative,52.2337172,21.0714111288323,0.86290184643018,Jadwiga_Zamoyska.txt
97632ddf-e63e-4dd4-80e1-8b0d9cc273f7,"Poznań, województwo wielkopolskie, Polska",administrative,52.4006522,16.9197520238885,0.78569206422978,Jadwiga_Zamoyska.txt
65e4700e-eea1-4361-8bca-d7651d767a4c,"Poznań, województwo wielkopolskie, Polska",administrative,52.4006522,16.9197520238885,0.78569206422978,Jadwiga_Zamoyska.txt
13e7ad3a-347f-4b1f-9f7a-28ed90a3d5b2,"Kraków, województwo małopolskie, Polska",administrative,50.04691015,19.9970637622827,0.81714770710777,Jadwiga_Zamoyska.txt
26c6b520-af69-4a49-968e-26617be1965f,"Bnin, Kórnik, gmina Kórnik, powiat poznański, województwo wielkopolskie, 62-035, Polska",administrative,52.23165435,17.0876630161133,0.390701435537,Julia_Molinska-Woykowska.txt
bffe8fc8-96dc-4bc6-a479-589373173e7a,"Wrocław, województwo dolnośląskie, Polska",administrative,51.1263106,16.9781963305126,0.78897963585302,Julia_Molinska-Woykowska.txt
df15f220-3358-49a6-8e1c-4ff5c5d2f7db,"Wrocław, województwo dolnośląskie, Polska",administrative,51.1263106,16.9781963305126,0.78897963585302,Julia_Molinska-Woykowska.txt
a0a08420-fe3f-4719-8c99-2e95920f9080,"Wrocław, województwo dolnośląskie, Polska",administrative,51.1263106,16.9781963305126,0.78897963585302,Julia_Molinska-Woykowska.txt
141b029f-db86-41b1-bc26-cdf9c13ac0d9,"Poznań, województwo wielkopolskie, Polska",administrative,52.4006522,16.9197520238885,0.78569206422978,Julia_Molinska-Woykowska.txt
4c33b60a-9b56-47ec-97f5-3766431b512f,"Wrocław, województwo dolnośląskie, Polska",administrative,51.1263106,16.9781963305126,0.78897963585302,Julia_Molinska-Woykowska.txt
96473581-33d0-46fb-a7d8-b0553ed72896,"Owińska, gmina Czerwonak, powiat poznański, województwo wielkopolskie, 62-009, Polska",administrative,52.5139261,16.9725174,0.42136144456224,Julia_Molinska-Woykowska.txt
cf001b48-2781-4674-beed-edbb00f9d5a4,"Budziszyn, Saksonia, Niemcy",administrative,51.1813907,14.4275735,0.65509207224354,Julia_Molinska-Woykowska.txt
7bd91e11-39fb-46dc-ba2c-3c0890a5ceb8,"Berlin, 10117, Niemcy",city,52.5170365,13.3888599,0.92214979763087,Julia_Molinska-Woykowska.txt
9f5138e3-3a5c-49b6-89e6-a66aed47a50f,"Sudety, Starczówek, gmina Ziębice, powiat ząbkowicki, województwo dolnośląskie, 57-222, Polska",locality,50.5533314,17.0174981,0.35,Julia_Molinska-Woykowska.txt
9b7df45a-f0d6-4d4e-a039-54ec3939d1d8,"Wrocław, województwo dolnośląskie, Polska",administrative,51.1263106,16.9781963305126,0.78897963585302,Julia_Molinska-Woykowska.txt
2451418b-e6d0-4cdc-9e9e-8092158b69a1,"Wrocław, województwo dolnośląskie, Polska",administrative,51.1263106,16.9781963305126,0.78897963585302,Julia_Molinska-Woykowska.txt
beb912f9-46af-4d68-beea-2c23d68f8cc4,"Piątek, gmina Piątek, powiat łęczycki, województwo łódzkie, Polska",administrative,52.0689883,19.4799726,0.43266098988735,Julia_Molinska-Woykowska.txt
d1599002-d8ec-49cd-a242-ecc5d621883d,"Poznań, województwo wielkopolskie, Polska",administrative,52.4006522,16.9197520238885,0.78569206422978,Julia_Molinska-Woykowska.txt
49cb41a0-7ca3-4ad6-9abf-3b26e1ee3cee,"Poznań, województwo wielkopolskie, Polska",administrative,52.4006522,16.9197520238885,0.78569206422978,Julia_Molinska-Woykowska.txt
fcee6b49-6cb2-4e99-9f10-e021603d5cb3,Polska,administrative,52.0977181,19.0258159,0.99229898543353,Julia_Molinska-Woykowska.txt
798e4af2-b62f-45bc-a841-ca13d7ad89b8,"Piątek, gmina Piątek, powiat łęczycki, województwo łódzkie, Polska",administrative,52.0689883,19.4799726,0.43266098988735,Julia_Molinska-Woykowska.txt
afef419b-86b8-4fe9-9381-9f7da34d1d7c,"Poznań, województwo wielkopolskie, Polska",administrative,52.4006522,16.9197520238885,0.78569206422978,Julia_Molinska-Woykowska.txt
d389a973-c13b-498a-ab16-d7bc60aa1124,"Brama Poznania ICHOT, 2, Gdańska, Zawady, Ostrów Tumski-Śródka-Zawady-Komandoria, Poznań, województwo wielkopolskie, 61-123, Polska",museum,52.4122554,16.9516567590134,0.301,Julia_Molinska-Woykowska.txt
050c7665-0908-495f-a3de-fd138a2269c7,"Poznań, województwo wielkopolskie, Polska",administrative,52.4006522,16.9197520238885,0.78569206422978,Julia_Molinska-Woykowska.txt
7e5dfb68-5f8f-4ff9-a0ff-95c637b56291,"Warszawa, województwo mazowieckie, Polska",administrative,52.2337172,21.0714111288323,0.86290184643018,Julia_Molinska-Woykowska.txt
4ae90849-1329-4c30-9fab-5f2360732a02,"Warszawa, województwo mazowieckie, Polska",administrative,52.2337172,21.0714111288323,0.86290184643018,Julia_Molinska-Woykowska.txt
1fbe358d-ef62-4c7d-b58c-366cdc071e90,"Poznań, województwo wielkopolskie, Polska",administrative,52.4006522,16.9197520238885,0.78569206422978,Julia_Molinska-Woykowska.txt
f311c229-65a2-4ca4-9cbd-da99ff632087,"Kórnik, gmina Kórnik, powiat poznański, województwo wielkopolskie, 62-035, Polska",administrative,52.2492751,17.0901242,0.52950710347042,Klaudyna_Potocka.txt
5f022f79-c81c-4ea7-88d7-9e61dc382e10,"Genewa, Szwajcaria",city,46.2017559,6.1466014,0.80718910349859,Klaudyna_Potocka.txt
947d7966-0a15-4197-998b-bdeb8ff24470,"Kórnik, gmina Kórnik, powiat poznański, województwo wielkopolskie, 62-035, Polska",administrative,52.2492751,17.0901242,0.52950710347042,Klaudyna_Potocka.txt
2023c180-f9c2-4e2a-b874-aadbafe3c1d4,"Wiedeń, Austria",administrative,48.2202097,16.3712159737999,0.89144681705381,Klaudyna_Potocka.txt
390cb917-8fac-4e62-b45e-aaeb568eb086,"Konarzewo, gmina Gołymin-Ośrodek, powiat ciechanowski, województwo mazowieckie, Polska",hamlet,52.8175,20.9225,0.275,Klaudyna_Potocka.txt
8d3d5451-4087-4ec3-a53d-73ad2cd2e55d,"Drezno, Saksonia, 01069, Niemcy",city,51.0493286,13.7381437,0.80627657873826,Klaudyna_Potocka.txt
e7e5d27e-c315-4c48-a272-9438acb22d93,"Paryż, Île-de-France, Francja",administrative,48.85881005,2.32003101155031,0.96893459932191,Klaudyna_Potocka.txt
ed762797-fa3c-476b-978b-df56302729d4,"Jezioro Góreckie, 2495P, Jeziory, gmina Mosina, powiat poznański, województwo wielkopolskie, 62-061, Polska",water,52.2627735,16.798644754208,0.354561534822,Klaudyna_Potocka.txt
cd26c65b-a716-4c82-8170-c005ca20e894,"Szkolne Schronisko Młodzieżowe w Rajczy-Nickulinie, 374, Złatna, Ujsoły, gmina Ujsoły, powiat żywiecki, województwo śląskie, 34-370, Polska",hostel,49.5030306,19.138185916114,0.101,Klaudyna_Potocka.txt
4b18bd63-0040-458a-8439-e45639ece341,"Paryż, Île-de-France, Francja",administrative,48.85881005,2.32003101155031,0.96893459932191,Klaudyna_Potocka.txt
570397fc-6ae1-461f-84ab-9deb2957cd69,"Lwów, rejon halicki, Rada Miejska Lwowa, Obwód lwowski, Ukraina",city,49.841952,24.0315921,0.78998765957834,Klaudyna_Potocka.txt
7f2293ed-9c50-48d5-bbbf-77b3662648ed,Polska,administrative,52.0977181,19.0258159,0.99229898543353,Klaudyna_Potocka.txt
6b2eeac9-ccaf-40bc-8dc9-d6d5ef3275fa,"Kraków, województwo małopolskie, Polska",administrative,50.04691015,19.9970637622827,0.81714770710777,Klaudyna_Potocka.txt
9b5f61ab-90f8-4f12-8239-5aed69a69f23,"Kościół, gmina Istebna, powiat cieszyński, województwo śląskie, 43-470, Polska",hamlet,49.5634331,18.8922896,0.375,Klaudyna_Potocka.txt
03fcbaea-4636-4030-b74f-227863f82042,"Poznań, województwo wielkopolskie, Polska",administrative,52.4006522,16.9197520238885,0.78569206422978,Klaudyna_Potocka.txt
d668721f-b1f1-4084-a272-a927dc2e929a,"Jezioro Góreckie, 2495P, Jeziory, gmina Mosina, powiat poznański, województwo wielkopolskie, 62-061, Polska",water,52.2627735,16.798644754208,0.354561534822,Klaudyna_Potocka.txt
bb032d88-9a19-4f5d-988e-14c02b4a91c9,"Rembertów, Warszawa, województwo mazowieckie, Polska",administrative,52.2614149,21.1628191,0.52428297298811,Klaudyna_Potocka.txt
8f72dcd6-6b75-45fd-be04-09252fa42b4c,"Свиты, Гнёздовское сельское поселение, rejon smoleński, Obwód smoleński, Centralny Okręg Federalny, Rosja",locality,54.8368183,31.7241443,0.25,Klaudyna_Potocka.txt
1d79ec36-699a-430b-8c5c-eeb4f61a251f,"Poznań, województwo wielkopolskie, Polska",administrative,52.4006522,16.9197520238885,0.78569206422978,Klaudyna_Potocka.txt
f4fe790e-7625-45e2-aa82-45dbe52c893e,"Warszawa, województwo mazowieckie, Polska",administrative,52.2337172,21.0714111288323,0.86290184643018,Klaudyna_Potocka.txt
616b95fd-e188-4363-8de0-1726a695c6f2,"Wschodni, Mongolia",administrative,47.6772781,115.2177155,0.65,Klaudyna_Potocka.txt
14c05fd8-b921-44be-8dc5-bb64ba5f51f1,"Miejsce Piastowe, gmina Miejsce Piastowe, powiat krośnieński, województwo podkarpackie, 38-430, Polska",administrative,49.6335904,21.7883599,0.48323539012287,Klaudyna_Potocka.txt
243214af-eb3a-44d2-b7d5-ac0e4a00338c,"Klaudynka, 12, Klaudyny, Marymont, Bielany, Warszawa, województwo mazowieckie, 01-684, Polska",convenience,52.2810109,20.9757733,0.101,Klaudyna_Potocka.txt
3b8eb179-6a6b-4a6c-a284-7b557764a52d,"Lwów, rejon halicki, Rada Miejska Lwowa, Obwód lwowski, Ukraina",city,49.841952,24.0315921,0.78998765957834,Klaudyna_Potocka.txt
c364283e-b24c-4674-8c38-b32a8caedc44,"Kraków Łagiewniki, Siostry Faustyny, Łagiewniki, Łagiewniki-Borek Fałęcki, Kraków, województwo małopolskie, 30-420, Polska",train_station,50.022336,19.9334953517726,0.101,Klaudyna_Potocka.txt
8af95de7-f954-4ae0-9bce-ae30459368f6,"Nicea, Alpy Nadmorskie, Prowansja-Alpy-Lazurowe Wybrzeże, Francja",city,43.7009358,7.2683912,0.77995610892433,Ksawera_Deybel.txt
98b4752b-a9f1-408d-a362-e24f21c18f38,"Wilno, rejon miejski Wilno, Okręg wileński, Litwa",city,54.6870458,25.2829111,0.78997843781412,Ksawera_Deybel.txt
20b75c94-e1bf-4092-b7fd-cd6d7aac4306,"Wilno, rejon miejski Wilno, Okręg wileński, Litwa",city,54.6870458,25.2829111,0.78997843781412,Ksawera_Deybel.txt
f21bebde-8d98-4105-ae7e-abc0bf3109d6,"Moskwa, Centralny Okręg Federalny, Rosja",administrative,55.4792046,37.3273304,0.91231629038453,Ksawera_Deybel.txt
89c23827-9047-4c96-b936-121a62fb2d75,"Paryż, Île-de-France, Francja",administrative,48.85881005,2.32003101155031,0.96893459932191,Ksawera_Deybel.txt
c4db0def-3822-45b4-8de3-828e262524bc,Litwa,administrative,55.3500003,23.7499997,0.88265688545131,Ksawera_Deybel.txt
2c138e0e-b43d-40fa-87dd-cb7035295b81,"Kraków, województwo małopolskie, Polska",administrative,50.04691015,19.9970637622827,0.81714770710777,Marcelina_Czartoryska.txt
d3f1bc61-ff27-4fb2-aefe-463f67b17854,"Willa Decjusza, 17a, 28 lipca 1943, Wola Justowska - Chełm, Zwierzyniec, Kraków, województwo małopolskie, 30-233, Polska",yes,50.06359665,19.8715036566252,0.42123378027701,Marcelina_Czartoryska.txt
5e84c3c1-35d1-436d-b6df-244a091395f8,Europa,continent,51.0,10.0,0.95710131393241,Marcelina_Czartoryska.txt
0e2da02d-f9d6-4dab-9cb5-38c35bef197e,"Wiedeń, Austria",administrative,48.2202097,16.3712159737999,0.89144681705381,Marcelina_Czartoryska.txt
d8784954-41a3-4bce-a78e-2b4106ec9948,"Paryż, Île-de-France, Francja",administrative,48.85881005,2.32003101155031,0.96893459932191,Marcelina_Czartoryska.txt
612677ce-0342-4b59-913f-42bf45f4669b,Europa,continent,51.0,10.0,0.95710131393241,Marcelina_Czartoryska.txt
fdcdbab4-1d99-4ca0-a983-b0b9fe8e5f2c,Polska,administrative,52.0977181,19.0258159,0.99229898543353,Marcelina_Czartoryska.txt
5211a90b-72bb-4965-9b00-4822b366ea82,Polska,administrative,52.0977181,19.0258159,0.99229898543353,Marcelina_Czartoryska.txt
e53d4116-b71d-43ce-b5a5-f634a54793cb,"Poznań, województwo wielkopolskie, Polska",administrative,52.4006522,16.9197520238885,0.78569206422978,Marcelina_Czartoryska.txt
f68bdb55-7342-41a3-a3b7-2253e6d0cffb,"Lwów, rejon halicki, Rada Miejska Lwowa, Obwód lwowski, Ukraina",city,49.841952,24.0315921,0.78998765957834,Marcelina_Czartoryska.txt
d6c37872-a382-4cec-9b6b-78474c805270,"Kraków, województwo małopolskie, Polska",administrative,50.04691015,19.9970637622827,0.81714770710777,Marcelina_Czartoryska.txt
3c233807-ad0c-4ed5-9c93-c02dfc05ccee,Polska,administrative,52.0977181,19.0258159,0.99229898543353,Marcelina_Czartoryska.txt
ef0d0d42-b751-42d4-9b34-133a57ab1f27,"Sławkowski Szczyt, Powiat Poprad, Kraj preszowski, Wschodnia Słowacja, 062 01, Słowacja",peak,49.1661349,20.184834,0.30108919297929,Marcelina_Czartoryska.txt
96e014eb-7aae-4c97-96ab-7e1475d7e5c2,"Grand Hotel فندق الكبير, Sharia Baladea - شارع البلدية, المدينة القديمه, Trypolis, 021, Libia",hotel,32.89308365,13.1847286936286,0.4713907126481,Marcelina_Czartoryska.txt
31161212-dd7b-48c4-bfd0-2d71a3bc3874,"Kraków, województwo małopolskie, Polska",administrative,50.04691015,19.9970637622827,0.81714770710777,Marcelina_Czartoryska.txt
0a6c5d7d-5ba2-4bff-b5e5-20a93327d911,"Wiedeń, Austria",administrative,48.2202097,16.3712159737999,0.89144681705381,Marcelina_Czartoryska.txt
3c60d716-dda0-4c81-9ddb-04df9152624f,"Szpital Dziecięcy, Żołnierska, Kormoran, Olsztyn, województwo warmińsko-mazurskie, 10-437, Polska",bus_stop,53.7691402,20.4963017,0.201,Marcelina_Czartoryska.txt
46f9fe33-014e-4994-aeac-6842f6335ab8,"Grand Hotel فندق الكبير, Sharia Baladea - شارع البلدية, المدينة القديمه, Trypolis, 021, Libia",hotel,32.89308365,13.1847286936286,0.4713907126481,Marcelina_Czartoryska.txt
d5d6ffe9-03a5-4afd-9c06-8249872a6ffa,"Warszawa, województwo mazowieckie, Polska",administrative,52.2337172,21.0714111288323,0.86290184643018,Marcelina_Czartoryska.txt
0d29cdc1-4991-44b0-b128-0607e970aec2,"Warszawa, województwo mazowieckie, Polska",administrative,52.2337172,21.0714111288323,0.86290184643018,Marcelina_Czartoryska.txt
f1cd490e-f1db-430f-8c68-966a115bbf43,"Kraków, województwo małopolskie, Polska",administrative,50.04691015,19.9970637622827,0.81714770710777,Maria_Dulebianka.txt
e83cb54a-1d2c-411f-b29e-2d9ca4e017d3,"Lwów, rejon halicki, Rada Miejska Lwowa, Obwód lwowski, Ukraina",city,49.841952,24.0315921,0.78998765957834,Maria_Dulebianka.txt
4a2c0cdf-6b7d-42f0-839d-c71430d8283e,"Cmentarz Orląt Lwowskich, ulica Stefana Banacha, Cetnerówka, Lwów, Rejon łyczakowski, Rada Miejska Lwowa, Obwód lwowski, 79000, Ukraina",monument,49.83016035,24.057959047719,0.50352606065929,Maria_Dulebianka.txt
d0dee00b-8a88-4dc1-9211-2e77be8f95e4,"Żarnowiec, gmina Krokowa, powiat pucki, województwo pomorskie, 84-110, Polska",village,54.7887218,18.0812105,0.33678602131539,Maria_Dulebianka.txt
cf090595-8e73-4215-8146-8c42f2729003,"Lwów, rejon halicki, Rada Miejska Lwowa, Obwód lwowski, Ukraina",city,49.841952,24.0315921,0.78998765957834,Maria_Dulebianka.txt
1df5fdf8-b173-486a-892f-02a70b9dd7da,"Kraków, województwo małopolskie, Polska",administrative,50.04691015,19.9970637622827,0.81714770710777,Maria_Dulebianka.txt
96359d90-b00a-4da8-8f6c-b2ba81aba282,"Nowy Sącz, województwo małopolskie, 33-300, Polska",administrative,49.61030395,20.7159552111381,0.69275521394342,Maria_Dulebianka.txt
ede243a1-0c90-46f6-b6c2-48a345f5bf4f,"Lwów, rejon halicki, Rada Miejska Lwowa, Obwód lwowski, Ukraina",city,49.841952,24.0315921,0.78998765957834,Maria_Dulebianka.txt
11896514-0874-47f2-90cf-a5312e83b2ba,"Chicago, Cook County, Illinois, USA",city,41.8755616,-87.6244212,0.88264761048889,Maria_Dulebianka.txt
715fc8bc-46f2-44eb-b751-39ac8942fa26,"Lwów, rejon halicki, Rada Miejska Lwowa, Obwód lwowski, Ukraina",city,49.841952,24.0315921,0.78998765957834,Maria_Dulebianka.txt
c2859755-9e61-4734-9cce-ace59aa17a5f,"Kraków, województwo małopolskie, Polska",administrative,50.04691015,19.9970637622827,0.81714770710777,Maria_Dulebianka.txt
9d89e487-2e27-4c83-a06b-1924c401057b,"Wschodni, Mongolia",administrative,47.6772781,115.2177155,0.65,Maria_Dulebianka.txt
5502a679-0984-4616-8d6a-e2c72ce262f6,"Kraków, województwo małopolskie, Polska",administrative,50.04691015,19.9970637622827,0.81714770710777,Maria_Dulebianka.txt
b1ea0e69-5647-4c28-b7c5-ce0e239bb073,"Warszawa, województwo mazowieckie, Polska",administrative,52.2337172,21.0714111288323,0.86290184643018,Maria_Dulebianka.txt
8c81da12-894f-48b9-be52-b59c92e70635,"Paryż, Île-de-France, Francja",administrative,48.85881005,2.32003101155031,0.96893459932191,Maria_Dulebianka.txt
c2cd2d04-3753-4994-a494-f2976e8ddd4f,Francja,administrative,46.603354,1.8883335,1.0612226863487,Maria_Dulebianka.txt
bfadc3c9-7608-4773-91a5-30965ec2811d,"Warszawa, województwo mazowieckie, Polska",administrative,52.2337172,21.0714111288323,0.86290184643018,Maria_Dulebianka.txt
f7ad2a39-3163-437c-975d-7c7ab04ab989,"Paryż, Île-de-France, Francja",administrative,48.85881005,2.32003101155031,0.96893459932191,Maria_Dulebianka.txt
c3f487f6-87d8-411c-968b-20f7d7148827,"Muzeum Marii Konopnickiej, Marii Konopnickiej, Żarnowiec, gmina Jedlicze, powiat krośnieński, województwo podkarpackie, 38-460, Polska",museum,49.69257,21.6669135099958,0.53958297447186,Maria_Dulebianka.txt
12f7281c-8c53-42e0-a78a-252f5f1d59a7,"Morze, gmina Grodzisk, powiat siemiatycki, województwo podlaskie, Polska",administrative,52.5175912,22.7416034,0.4084484386218,Maria_Dulebianka.txt
e24a02c6-78c4-4030-ae53-18f3bba2b161,"Żarnowiec, gmina Krokowa, powiat pucki, województwo pomorskie, 84-110, Polska",village,54.7887218,18.0812105,0.33678602131539,Maria_Dulebianka.txt
3fc9583c-4c1c-4e25-88e1-eba2c30b34d1,"Lwów, rejon halicki, Rada Miejska Lwowa, Obwód lwowski, Ukraina",city,49.841952,24.0315921,0.78998765957834,Maria_Dulebianka.txt
0c05e613-ca0a-49d1-85de-4593b1864750,"Lwów, rejon halicki, Rada Miejska Lwowa, Obwód lwowski, Ukraina",city,49.841952,24.0315921,0.78998765957834,Maria_Dulebianka.txt
dc21497d-f4ef-43c1-9ed9-fd906849eba4,"Kraków, województwo małopolskie, Polska",administrative,50.04691015,19.9970637622827,0.81714770710777,Maria_Dulebianka.txt
0c76cb83-f6aa-40c8-9aca-70d2be686274,"Lwów, rejon halicki, Rada Miejska Lwowa, Obwód lwowski, Ukraina",city,49.841952,24.0315921,0.78998765957834,Maria_Dulebianka.txt
309e7442-68ed-43ea-babe-93a7c650accd,"Lwów, rejon halicki, Rada Miejska Lwowa, Obwód lwowski, Ukraina",city,49.841952,24.0315921,0.78998765957834,Maria_Dulebianka.txt
52acf506-2b3b-4c12-bdab-8c5456722c9a,"Lwów, rejon halicki, Rada Miejska Lwowa, Obwód lwowski, Ukraina",city,49.841952,24.0315921,0.78998765957834,Maria_Dulebianka.txt
132dfe05-026a-4716-b0a6-92f4dc0f7d98,"Lwów, rejon halicki, Rada Miejska Lwowa, Obwód lwowski, Ukraina",city,49.841952,24.0315921,0.78998765957834,Maria_Dulebianka.txt
46053fe0-e301-4c06-a63d-d337b1f37a96,"Lwów, rejon halicki, Rada Miejska Lwowa, Obwód lwowski, Ukraina",city,49.841952,24.0315921,0.78998765957834,Maria_Dulebianka.txt
b9a78e8f-08d8-45a0-9e02-d5869c5908a5,"Lwów, rejon halicki, Rada Miejska Lwowa, Obwód lwowski, Ukraina",city,49.841952,24.0315921,0.78998765957834,Maria_Dulebianka.txt
e8307dd1-7599-4d3d-ae2d-41f5c4feb31e,"Lwów, rejon halicki, Rada Miejska Lwowa, Obwód lwowski, Ukraina",city,49.841952,24.0315921,0.78998765957834,Maria_Dulebianka.txt
5272e7b8-6e7c-46cb-ada4-32ba6af558f0,"Iwano-Frankiwsk, Івано-Франківська міська рада, Obwód iwanofrankiwski, Ukraina",city,48.9225224,24.7103188,0.5616256749966,Maria_Dulebianka.txt
d5a7afeb-5b98-45a9-af67-7d63e5770f1e,"Lwów, rejon halicki, Rada Miejska Lwowa, Obwód lwowski, Ukraina",city,49.841952,24.0315921,0.78998765957834,Maria_Dulebianka.txt
c85267e4-83af-4ec0-8237-bc9c84bf0851,"Cmentarz Łyczakowski, Анатолія Вахнянина вулиця, Филипівка, Lwów, Rejon łyczakowski, Rada Miejska Lwowa, Obwód lwowski, 79017, Ukraina",protected_area,49.8322396,24.0554965047338,0.60978559908338,Maria_Dulebianka.txt
ad13a08a-d223-4d99-a4d3-24662e69eebc,"Cmentarz Orląt Lwowskich, ulica Stefana Banacha, Cetnerówka, Lwów, Rejon łyczakowski, Rada Miejska Lwowa, Obwód lwowski, 79000, Ukraina",monument,49.83016035,24.057959047719,0.50352606065929,Maria_Dulebianka.txt
2af73e9e-80fe-4d43-87bd-9f0dffc1a859,"Lwów, rejon halicki, Rada Miejska Lwowa, Obwód lwowski, Ukraina",city,49.841952,24.0315921,0.78998765957834,Maria_Dulebianka.txt
83fc4902-3fa0-4f85-86dc-9a57b78d1b36,"Kraków, województwo małopolskie, Polska",administrative,50.04691015,19.9970637622827,0.81714770710777,Maria_Dulebianka.txt
188525d3-c549-436d-aeff-6a6d8f8ee519,"Warszawa, województwo mazowieckie, Polska",administrative,52.2337172,21.0714111288323,0.86290184643018,Maria_Dulebianka.txt
fa035bb7-5354-4d49-8984-0fd6c94514a6,"Warszawa, województwo mazowieckie, Polska",administrative,52.2337172,21.0714111288323,0.86290184643018,Maria_Dulebianka.txt
a11af35d-88d8-459e-8923-8187b7c874a1,"Gdańsk, województwo pomorskie, Polska",administrative,54.36143405,18.6282184755727,0.77915633250529,Maria_Dulebianka.txt
1ae7b286-fdf4-40f7-822f-1d74ae234563,"Warszawa, województwo mazowieckie, Polska",administrative,52.2337172,21.0714111288323,0.86290184643018,Maria_Dulebianka.txt
68333a97-2a97-4fca-97ff-641334489c2c,"Kraków, województwo małopolskie, Polska",administrative,50.04691015,19.9970637622827,0.81714770710777,Maria_Dulebianka.txt
29d33124-a30a-431f-9f48-bdf88b4c5c8e,"Warszawa, województwo mazowieckie, Polska",administrative,52.2337172,21.0714111288323,0.86290184643018,Maria_Dulebianka.txt
f7aa2c1e-a13a-41fa-bbb6-c471085c7ea7,"Warszawa, województwo mazowieckie, Polska",administrative,52.2337172,21.0714111288323,0.86290184643018,Maria_Dulebianka.txt
5209f9d0-a0ec-457c-9ea3-e639e2e3b3f4,"Lwów, rejon halicki, Rada Miejska Lwowa, Obwód lwowski, Ukraina",city,49.841952,24.0315921,0.78998765957834,Maria_Dulebianka.txt
92d9e089-fb66-4e4d-8c4f-7e1b3646bd44,"Warszawa, województwo mazowieckie, Polska",administrative,52.2337172,21.0714111288323,0.86290184643018,Maria_Dulebianka.txt
6f18d00e-ced5-4636-9a85-50caa8fbb955,"Skwer im. Ireny Jarockiej, Dwór I, Oliwa, Gdańsk, województwo pomorskie, Polska",park,54.4065372,18.562366800658,0.35,Maria_Dulebianka.txt
f0732587-5bca-473b-9401-ff7ca6e74fc2,"Maria, Siquijor, Central Visayas, Filipiny",administrative,9.14855125,123.73910192033,0.55,Maria_Dulebianka.txt
efe8f783-0938-47f4-ad40-64bf721c96cd,"Kraków, województwo małopolskie, Polska",administrative,50.04691015,19.9970637622827,0.81714770710777,Maria_Dulebianka.txt
6b98846d-ae21-4113-9714-50ec7dcd622f,"Warszawa, województwo mazowieckie, Polska",administrative,52.2337172,21.0714111288323,0.86290184643018,Maria_Dulebianka.txt
b75cf31c-6929-45c9-9733-562f329222d0,"Gdańsk, województwo pomorskie, Polska",administrative,54.36143405,18.6282184755727,0.77915633250529,Maria_Dulebianka.txt
b471f416-4b8e-4115-951a-ed06c14618ad,"Warszawa, województwo mazowieckie, Polska",administrative,52.2337172,21.0714111288323,0.86290184643018,Maria_Dulebianka.txt
a5c330f0-9a02-4473-bc70-202d2dab4445,"Warszawa, województwo mazowieckie, Polska",administrative,52.2337172,21.0714111288323,0.86290184643018,Maria_Dulebianka.txt
ef7fcb77-6dfd-4119-9577-55a35f7da396,"Kraków, województwo małopolskie, Polska",administrative,50.04691015,19.9970637622827,0.81714770710777,Maria_Dulebianka.txt
7ceb3cab-e189-4238-8063-d1a10695f395,"Cmentarz Powązkowski, Wola, Warszawa, województwo mazowieckie, 01-163, Polska",cemetery,52.25057095,20.9686857022637,0.65852394732137,Maria_Kalergis.txt
ea6f4566-e931-4738-884f-c59f330eacc8,"Warszawa, województwo mazowieckie, Polska",administrative,52.2337172,21.0714111288323,0.86290184643018,Maria_Kalergis.txt
1456172e-9704-44a9-be7c-6dd83efde8d8,"Warszawa, województwo mazowieckie, Polska",administrative,52.2337172,21.0714111288323,0.86290184643018,Maria_Kalergis.txt
6794c28b-7d62-485b-8ed4-376c55368c5e,"Warszawa, województwo mazowieckie, Polska",administrative,52.2337172,21.0714111288323,0.86290184643018,Maria_Kalergis.txt
367ae092-3a26-432a-bf7e-1b6902287626,"Warszawa, województwo mazowieckie, Polska",administrative,52.2337172,21.0714111288323,0.86290184643018,Maria_Kalergis.txt
6d2deb13-ef97-4348-8ffa-29552bf547e5,"Warszawa, województwo mazowieckie, Polska",administrative,52.2337172,21.0714111288323,0.86290184643018,Maria_Kalergis.txt
4489a1c2-830e-4bd1-9df8-95807b534735,"Warszawa, województwo mazowieckie, Polska",administrative,52.2337172,21.0714111288323,0.86290184643018,Maria_Kalergis.txt
2a536315-5907-4127-af91-6edf9299073e,"Filharmonia, Tadeusza Kościuszki, Osiedle Kętrzyńskiego, Olsztyn, województwo warmińsko-mazurskie, 10-515, Polska",tram_stop,53.7798297,20.4905126,0.101,Maria_Kalergis.txt
6a24afeb-93b1-4447-bc7a-6a2434fd5119,"Warszawa, województwo mazowieckie, Polska",administrative,52.2337172,21.0714111288323,0.86290184643018,Maria_Kalergis.txt
20d4dd59-6313-414c-80b3-748a2aaaf439,"Cmentarz Powązkowski, Wola, Warszawa, województwo mazowieckie, 01-163, Polska",cemetery,52.25057095,20.9686857022637,0.55852394732137,Maria_Kalergis.txt
96710df9-197f-4acb-abd8-169984c54ce5,"Cmentarz Powązkowski, Wola, Warszawa, województwo mazowieckie, 01-163, Polska",cemetery,52.25057095,20.9686857022637,0.55852394732137,Maria_Kalergis.txt
1ef40313-8bbb-4590-9907-fabd54331a32,"Warszawa, województwo mazowieckie, Polska",administrative,52.2337172,21.0714111288323,0.86290184643018,Maria_Kalergis.txt
3a12043a-14c1-481e-97a7-166079212d4d,"Warszawa, województwo mazowieckie, Polska",administrative,52.2337172,21.0714111288323,0.86290184643018,Maria_Szymanowska.txt
ea5d712f-3833-4e00-b89f-1a58eea46388,"Petersburg, rejon centralny, Sankt Petersburg, Północno-Zachodni Okręg Federalny, 190000, Rosja",city,59.938732,30.316229,0.82771842591033,Maria_Szymanowska.txt
b6d3bd4a-aaa2-4973-aacf-9ecff32915e7,"Sankt Petersburg, Północno-Zachodni Okręg Federalny, 190000, Rosja",administrative,59.9606739,30.1586551,0.92771842591033,Maria_Szymanowska.txt
b14c9091-8dda-48d3-b321-02aace6e57fd,"Petersburg, rejon centralny, Sankt Petersburg, Północno-Zachodni Okręg Federalny, 190000, Rosja",city,59.938732,30.316229,0.82771842591033,Maria_Szymanowska.txt
116e4b7a-a614-4862-92c9-ae3c12926650,Ukraina,administrative,49.4871968,31.2718321,0.94928622345796,Maria_Szymanowska.txt
d79b90b9-2d0d-4083-bbe7-7ae4bd824d5e,"Paryż, Île-de-France, Francja",administrative,48.85881005,2.32003101155031,0.96893459932191,Maria_Szymanowska.txt
86bfd13c-9f06-4bab-b429-ef0581aca77f,"Berlin, 10117, Niemcy",city,52.5170365,13.3888599,0.92214979763087,Maria_Szymanowska.txt
544a8492-02ca-452e-953d-ccd5f836f688,"Kijów, Rejon szewczenkowski, Kijów, 1001, Ukraina",city,50.4500644,30.5241037,0.84145054816511,Maria_Szymanowska.txt
ab3f7f0d-08c1-48a4-8eda-e2ca41a912f0,"Мар’янське, Rejon wełykobahaczański, Obwód połtawski, 38312, Ukraina",village,49.908829,33.72047,0.29330015574966,Maria_Szymanowska.txt
6ddbb315-3149-4518-83f7-da74b4d489fb,"Londyn, Greater London, Anglia, SW1A 2DR, Wielka Brytania",city,51.5073219,-0.1276474,0.9654895765402,Maria_Szymanowska.txt
dcf43c8a-bf53-48f8-8894-05f9eacfb208,"Londyn, Greater London, Anglia, SW1A 2DR, Wielka Brytania",city,51.5073219,-0.1276474,0.9654895765402,Maria_Szymanowska.txt
24dcd9a0-1e53-410a-8523-2eff5e0d84b1,"Narodowy, Młyńska, Święty Marcin, Stare Miasto, Poznań, województwo wielkopolskie, 61-736, Polska",clothes,52.4102082,16.9246897,0.101,Maria_Szymanowska.txt
df34f987-0937-4fe4-aadd-33765aa46eac,"Petersburg, rejon centralny, Sankt Petersburg, Północno-Zachodni Okręg Federalny, 190000, Rosja",city,59.938732,30.316229,0.82771842591033,Maria_Szymanowska.txt
20088c67-cbe5-40a3-ae12-6a064e74b309,Rosja,administrative,64.6863136,97.7453061,1.0002676968769,Maria_Szymanowska.txt
e4bf35d0-1d28-45fa-939a-6aa10a1e5e81,"Petersburg, rejon centralny, Sankt Petersburg, Północno-Zachodni Okręg Federalny, 190000, Rosja",city,59.938732,30.316229,0.82771842591033,Maria_Szymanowska.txt
1e6b2d90-3ee4-4e22-9223-43d8fba81a28,"Невский проспект, Думская улица, Апраксин двор, округ № 78, rejon centralny, Sankt Petersburg, Północno-Zachodni Okręg Federalny, 191011, Rosja",station,59.9338892,30.3283623,0.001,Maria_Szymanowska.txt
379e5cab-90c9-4e0d-9df8-88bf22f70205,"Warszawa, województwo mazowieckie, Polska",administrative,52.2337172,21.0714111288323,0.86290184643018,Maria_Szymanowska.txt
e098700e-9294-4e78-a021-f05042eb00bb,"Petersburg, rejon centralny, Sankt Petersburg, Północno-Zachodni Okręg Federalny, 190000, Rosja",city,59.938732,30.316229,0.82771842591033,Maria_Szymanowska.txt
a68b4369-d5b5-4dad-9431-74a39ac2175f,"Chopin, Natchitoches Parish, Luizjana, 71416, USA",hamlet,31.4968389,-92.8593222,0.32367496645424,Maria_Szymanowska.txt
7371f43d-4d59-4cd2-8a33-547aafa3f59b,Europa,continent,51.0,10.0,0.95710131393241,Maria_Szymanowska.txt
52f186dd-d704-4a1e-9ea5-a4eb0b861fa5,"Kraków, województwo małopolskie, Polska",administrative,50.04691015,19.9970637622827,0.81714770710777,Maria_Szymanowska.txt
16545c18-28d6-47ea-aa97-e023fa6d3f87,Europa,continent,51.0,10.0,0.95710131393241,Maria_Szymanowska.txt
69395b0f-175d-4de9-b9e8-1fd0e62cfb6e,"Warszawa, województwo mazowieckie, Polska",administrative,52.2337172,21.0714111288323,0.86290184643018,Maria_Szymanowska.txt
a58672fd-74b6-4de7-b581-5bf553d61540,Polska,administrative,52.0977181,19.0258159,0.99229898543353,Maria_Szymanowska.txt
53af8335-0a0f-4ef8-9d0f-90514ba4a5bb,"Warszawa, województwo mazowieckie, Polska",administrative,52.2337172,21.0714111288323,0.86290184643018,Narcyza_Zmichowska.txt
cd690c3a-c31f-49ce-bc85-78a96f63a96f,"Warszawa, województwo mazowieckie, Polska",administrative,52.2337172,21.0714111288323,0.86290184643018,Narcyza_Zmichowska.txt
c8d2f8df-74eb-4f2b-934e-b9f3c71b7522,"Pohanka, Rejon lipowiecki, Obwód winnicki, 22545, Ukraina",stream,49.2133739,29.1320739,0.35,Narcyza_Zmichowska.txt
1f07fe30-c3d6-4420-81bb-adb4cb0be3d7,"Warszawa, województwo mazowieckie, Polska",administrative,52.2337172,21.0714111288323,0.86290184643018,Narcyza_Zmichowska.txt
1372140e-7999-46cc-91bb-dd4e8004b59a,"Pilica, gmina Aleksandrów, powiat piotrkowski, województwo łódzkie, 42-445, Polska",river,51.2508597,19.9251145,0.50481108502374,Narcyza_Zmichowska.txt
8f84b9a9-fdcb-4127-a84a-3aee03cd8c15,"Warszawa, województwo mazowieckie, Polska",administrative,52.2337172,21.0714111288323,0.86290184643018,Narcyza_Zmichowska.txt
d1a3d002-8d06-4f7c-b1f1-3eb41897a004,"Warszawa, województwo mazowieckie, Polska",administrative,52.2337172,21.0714111288323,0.86290184643018,Narcyza_Zmichowska.txt
07979dec-9f5f-4d81-9f8d-9ee1509bc849,"Paryż, Île-de-France, Francja",administrative,48.85881005,2.32003101155031,0.96893459932191,Narcyza_Zmichowska.txt
3f3af522-f69a-4870-b184-7ca4ddf62e47,Francja,administrative,46.603354,1.8883335,1.0612226863487,Narcyza_Zmichowska.txt
d4627528-70fc-4ebb-bc51-887418a574c6,Polska,administrative,52.0977181,19.0258159,0.99229898543353,Narcyza_Zmichowska.txt
0355f0f1-4503-4174-bc4e-585ebba05e0b,Francja,administrative,46.603354,1.8883335,1.0612226863487,Narcyza_Zmichowska.txt
acb51ae5-6034-4095-b303-e74afb794c8f,"Łomża, województwo podlaskie, Polska",administrative,53.18243065,22.0521838178088,0.52394421459897,Narcyza_Zmichowska.txt
ca31c6da-8f2c-4b85-8e3b-b30e7209656c,"Warszawa, województwo mazowieckie, Polska",administrative,52.2337172,21.0714111288323,0.86290184643018,Narcyza_Zmichowska.txt
246f098e-f255-4d4d-933e-5254070a1334,"Cmentarz Powązkowski, Wola, Warszawa, województwo mazowieckie, 01-163, Polska",cemetery,52.25057095,20.9686857022637,0.65852394732137,Narcyza_Zmichowska.txt
8c10bb95-2eda-4099-aa49-3e8f687e05c2,"Rzeczyca, rejon rzeczycki, obwód homelski, 247500, Białoruś",administrative,52.3717518,30.3860239,0.53127075754404,Narcyza_Zmichowska.txt
1633b803-d6b5-4a19-a270-6079b78713c4,"Warszawa, województwo mazowieckie, Polska",administrative,52.2337172,21.0714111288323,0.86290184643018,Narcyza_Zmichowska.txt
fd5c0d37-8cea-4f0b-befd-4cefadbaea3a,"Miodowy Dom, Unii Lubelskiej, Janiska, Starówka, Kołobrzeg, powiat kołobrzeski, województwo zachodniopomorskie, 78-100, Polska",apartments,54.18044435,15.5771233660188,0.101,Narcyza_Zmichowska.txt
3c3e25ce-9513-4ee4-a678-bffa8a2eb39b,"Paryż, Île-de-France, Francja",administrative,48.85881005,2.32003101155031,0.96893459932191,Narcyza_Zmichowska.txt
50ff1acc-e3d8-4edd-8996-b26796b2d20b,"Cmentarz Powązkowski, Wola, Warszawa, województwo mazowieckie, 01-163, Polska",cemetery,52.25057095,20.9686857022637,0.55852394732137,Narcyza_Zmichowska.txt
344fb6bb-4fc3-47aa-b5b7-79afc4293147,"Kraków, województwo małopolskie, Polska",administrative,50.04691015,19.9970637622827,0.81714770710777,Narcyza_Zmichowska.txt
2d0018c6-ff7e-4f60-8a21-ed4226a42bab,"Kraków, województwo małopolskie, Polska",administrative,50.04691015,19.9970637622827,0.81714770710777,Narcyza_Zmichowska.txt
6c82c46d-9754-499a-84ca-f2c76203da44,"Kraków, województwo małopolskie, Polska",administrative,50.04691015,19.9970637622827,0.81714770710777,Narcyza_Zmichowska.txt
ac41e57c-b2c9-4868-9dcb-555d0de88e06,"Kraków, województwo małopolskie, Polska",administrative,50.04691015,19.9970637622827,0.81714770710777,Narcyza_Zmichowska.txt
e619f850-4d10-425e-8cc2-c7135e1ce839,"Wrocław, województwo dolnośląskie, Polska",administrative,51.1263106,16.9781963305126,0.78897963585302,Narcyza_Zmichowska.txt
881c39f5-4698-4ea0-ac06-075c371a73f0,"Warszawa, województwo mazowieckie, Polska",administrative,52.2337172,21.0714111288323,0.86290184643018,Narcyza_Zmichowska.txt
f21d934c-9d26-4ca8-a486-ab18c81dbaa1,"Warszawa, województwo mazowieckie, Polska",administrative,52.2337172,21.0714111288323,0.86290184643018,Narcyza_Zmichowska.txt
5639cdaa-101e-461e-957a-a2d8f911db06,"Cmentarz Powązkowski, Wola, Warszawa, województwo mazowieckie, 01-163, Polska",cemetery,52.25057095,20.9686857022637,0.55852394732137,Narcyza_Zmichowska.txt
9d49d1f6-d897-42ed-aa12-9c2d4b14ec56,"Wola, Warszawa, województwo mazowieckie, Polska",administrative,52.2362379,20.9547815,0.55237946513934,Narcyza_Zmichowska.txt
615a18c8-d961-4863-a218-77857cfab2d9,"Warszawa, województwo mazowieckie, Polska",administrative,52.2337172,21.0714111288323,0.86290184643018,Narcyza_Zmichowska.txt
9dae7cf8-6e03-4db3-8481-4a980d35f4ea,"Kraków, województwo małopolskie, Polska",administrative,50.04691015,19.9970637622827,0.81714770710777,Narcyza_Zmichowska.txt
3ce9ae54-32d0-4b18-9206-8d0fc25fc57d,"Kraków, województwo małopolskie, Polska",administrative,50.04691015,19.9970637622827,0.81714770710777,Olga_Boznanska.txt
a133e8f0-8442-4115-b1fa-02d72288462e,"Paryż, Île-de-France, Francja",administrative,48.85881005,2.32003101155031,0.96893459932191,Olga_Boznanska.txt
6f0d4aa9-959a-4469-bb7b-38675af6457d,"Paryż, Île-de-France, Francja",administrative,48.85881005,2.32003101155031,0.96893459932191,Olga_Boznanska.txt
c71e0be1-4f90-43c3-9764-a92fafe4d414,"Monachium, Górna Bawaria, Bawaria, Niemcy",city,48.1371079,11.5753822,0.87149401645185,Olga_Boznanska.txt
e1beff9f-acf0-437a-9cf9-6168fe6fdec6,"Paryż, Île-de-France, Francja",administrative,48.85881005,2.32003101155031,0.96893459932191,Olga_Boznanska.txt
b1804881-0111-4bbf-ba4b-a5a20ac17d6e,"Berlin, 10117, Niemcy",city,52.5170365,13.3888599,0.92214979763087,Olga_Boznanska.txt
23235643-4095-4bcc-b32c-68733713a912,"Wiedeń, Austria",administrative,48.2202097,16.3712159737999,0.89144681705381,Olga_Boznanska.txt
83545677-4922-4528-b626-e0e6f1663288,"Paryż, Île-de-France, Francja",administrative,48.85881005,2.32003101155031,0.96893459932191,Olga_Boznanska.txt
15864d7d-0fce-456a-8474-d6381d00301b,"Londyn, Greater London, Anglia, SW1A 2DR, Wielka Brytania",city,51.5073219,-0.1276474,0.9654895765402,Olga_Boznanska.txt
719bd74c-2164-421a-a742-611b8a038104,"Paryż, Île-de-France, Francja",administrative,48.85881005,2.32003101155031,0.96893459932191,Olga_Boznanska.txt
11b3beb1-0490-4235-8e84-c5a89a6a536f,"PGH, Allegheny County, Pensylwania, USA",city,40.4416941,-79.9900861,0.67954259971074,Olga_Boznanska.txt
4ed2c434-8f11-4e96-a1ee-6c740f8173c1,Francja,administrative,46.603354,1.8883335,1.0612226863487,Olga_Boznanska.txt
2d0c25ae-13c7-4904-9b77-84c21d5800fc,"Amsterdam, Noord-Holland, Holandia, Królestwo Niderlandów",city,52.3727598,4.8936041,0.84967691975333,Olga_Boznanska.txt
a8614522-f46e-45a7-ab18-6e51f7c0dd95,"PGH, Allegheny County, Pensylwania, USA",city,40.4416941,-79.9900861,0.67954259971074,Olga_Boznanska.txt
87cb2e1a-eed3-4ba7-afbd-76c3be96a2fd,"Kraków, województwo małopolskie, Polska",administrative,50.04691015,19.9970637622827,0.81714770710777,Olga_Boznanska.txt
3c2e5f75-09ac-4d07-b082-faa5928eafac,"Warszawa, województwo mazowieckie, Polska",administrative,52.2337172,21.0714111288323,0.86290184643018,Olga_Boznanska.txt
272db434-7348-438c-b97f-8151ba9d4dc2,"Paryż, Île-de-France, Francja",administrative,48.85881005,2.32003101155031,0.96893459932191,Olga_Boznanska.txt
2cf26a4b-0671-4195-b412-5f8031dce214,"Paryż, Île-de-France, Francja",administrative,48.85881005,2.32003101155031,0.96893459932191,Olga_Boznanska.txt
4afbd8ea-8d91-427b-a3e4-384b0e8016c1,"Monachium, Górna Bawaria, Bawaria, Niemcy",city,48.1371079,11.5753822,0.87149401645185,Olga_Boznanska.txt
8ed5ccdd-5949-46fd-b5d5-bf38dc14c362,"Muzeum Narodowe, 3, Aleje Jerozolimskie, X, Śródmieście, Warszawa, województwo mazowieckie, 00-495, Polska",museum,52.2318328,21.0260265601306,0.62257112592963,Olga_Boznanska.txt
49d33aa4-572a-40a4-ae62-5920d7e78700,"Paryż, Île-de-France, Francja",administrative,48.85881005,2.32003101155031,0.96893459932191,Olga_Boznanska.txt
309fe8e9-99d7-4c68-b3d3-9533139879b7,"Paryż, Île-de-France, Francja",administrative,48.85881005,2.32003101155031,0.96893459932191,Olga_Boznanska.txt
23d5bc58-e1ad-4f07-9d49-cfabe3d1de09,Francja,administrative,46.603354,1.8883335,1.0612226863487,Olga_Boznanska.txt
d6fb5f8f-5dda-492f-8462-6fc9d442dc87,"Kraków, województwo małopolskie, Polska",administrative,50.04691015,19.9970637622827,0.81714770710777,Olga_Boznanska.txt
e620bbd2-4a6b-40bd-8454-b91a6bafe15e,"Plac Piłsudskiego, V, Śródmieście, Warszawa, województwo mazowieckie, Polska",pedestrian,52.2411674,21.0125434982976,0.2,Olga_Boznanska.txt
383cf9dd-83b9-4bf4-b3f8-90db389097ca,"Kraków, województwo małopolskie, Polska",administrative,50.04691015,19.9970637622827,0.81714770710777,Olga_Boznanska.txt
0dee6074-30ce-4adb-ac79-8eff20e82a82,"Kraków, województwo małopolskie, Polska",administrative,50.04691015,19.9970637622827,0.81714770710777,Olga_Boznanska.txt
10d937fe-3e33-43a2-9f41-532342941ca2,"Zaułek Olgi Boznańskiej, Helenki, Osiedle Helenki, Śrem, gmina Śrem, powiat śremski, województwo wielkopolskie, 63-100, Polska",residential,52.0912039,16.996571,0.4,Olga_Boznanska.txt
2c52b3d8-2e4d-4316-91e6-254b791e24b1,"Kielce, województwo świętokrzyskie, Polska",administrative,50.85403585,20.6099143521015,0.69942587187801,Olga_Boznanska.txt
cd25bf7b-c2d9-48f8-9fb9-7549e47c0704,"Wodzisław Śląski, powiat wodzisławski, województwo śląskie, Polska",administrative,50.0024107,18.4630383,0.65586224621571,Olga_Boznanska.txt
fb445de1-a571-4a2b-88c4-73ec3d6c62b1,"Kraków, województwo małopolskie, Polska",administrative,50.04691015,19.9970637622827,0.81714770710777,Olga_Boznanska.txt
e59a9413-5785-4f9b-9c03-f77399bb9597,"Kraków, województwo małopolskie, Polska",administrative,50.04691015,19.9970637622827,0.81714770710777,Olga_Boznanska.txt
f3a4735d-5039-4efa-88bd-c06dfa76808a,"Warszawa, województwo mazowieckie, Polska",administrative,52.2337172,21.0714111288323,0.86290184643018,Olga_Boznanska.txt
87209833-6c69-46e7-83e5-07bfe19071f5,"Warszawa, województwo mazowieckie, Polska",administrative,52.2337172,21.0714111288323,0.86290184643018,Olga_Boznanska.txt
02ab35ee-6ab1-4295-a48f-2358059dab3d,"Kraków, województwo małopolskie, Polska",administrative,50.04691015,19.9970637622827,0.81714770710777,Olga_Boznanska.txt
8a11687e-4cbe-4a70-b066-aa56553a0a6e,"Curtilles, Vaud, 1521, Szwajcaria",postcode,46.7005524,6.8486858,0.335,Olga_Boznanska.txt
6f505ae1-e5c6-4a7e-9e25-fe7847525da2,"Warszawa, województwo mazowieckie, Polska",administrative,52.2337172,21.0714111288323,0.86290184643018,Olga_Boznanska.txt
b864fc53-849f-4e8c-b29f-a7747b17cbcd,"Siechnice, gmina Siechnice, powiat wrocławski, województwo dolnośląskie, 55-011, Polska",administrative,51.0323875,17.1507275,0.48987285223364,Olga_Boznanska.txt
41a24616-da4e-4669-b95b-2bbb0d8d5ece,"Warszawa, województwo mazowieckie, Polska",administrative,52.2337172,21.0714111288323,0.86290184643018,Olga_Boznanska.txt
d57f0cd9-b9e6-4242-9621-4bd7d490e57a,"Warszawa, województwo mazowieckie, Polska",administrative,52.2337172,21.0714111288323,0.86290184643018,Olga_Boznanska.txt
873ee914-de31-430c-ab0d-089571a45a6f,"Warszawa, województwo mazowieckie, Polska",administrative,52.2337172,21.0714111288323,0.86290184643018,Olga_Boznanska.txt
66a7518f-84ba-497e-be1b-9cb9b7feefc0,"Gniezno, powiat gnieźnieński, województwo wielkopolskie, Polska",administrative,52.5359736,17.595889,0.64823531273256,Olga_Boznanska.txt
06644238-b91f-403e-a143-84729d97a76e,"Warszawa, województwo mazowieckie, Polska",administrative,52.2337172,21.0714111288323,0.86290184643018,Olga_Boznanska.txt
6418475a-9341-467a-8d28-2df245449f30,"Kraków, województwo małopolskie, Polska",administrative,50.04691015,19.9970637622827,0.81714770710777,Olga_Boznanska.txt
d5527e08-5cbf-4d53-abab-90525eca2d74,"Wrocław, województwo dolnośląskie, Polska",administrative,51.1263106,16.9781963305126,0.78897963585302,Olga_Boznanska.txt
d0d80743-3359-415f-ba98-356daeb5381c,"Kraków, województwo małopolskie, Polska",administrative,50.04691015,19.9970637622827,0.81714770710777,Olga_Boznanska.txt
913e8ad0-687c-4e17-916d-f715aa982ae2,"Siechnice, gmina Siechnice, powiat wrocławski, województwo dolnośląskie, 55-011, Polska",administrative,51.0323875,17.1507275,0.48987285223364,Olga_Boznanska.txt
76b74687-11b7-4e16-b00e-fa07336eea52,"Poznań, województwo wielkopolskie, Polska",administrative,52.4006522,16.9197520238885,0.78569206422978,Olga_Boznanska.txt
d70c3529-1805-4211-a7a7-e1dd1465cfc6,"Warszawa, województwo mazowieckie, Polska",administrative,52.2337172,21.0714111288323,0.86290184643018,Olga_Boznanska.txt
7aae207b-20ba-4755-9196-74d0a400f648,"Kraków, województwo małopolskie, Polska",administrative,50.04691015,19.9970637622827,0.81714770710777,Olga_Boznanska.txt
62bcc122-a71b-4d51-966d-83a490e44b07,"Muzeum Narodowe w Krakowie, 1, Aleja 3 Maja, Półwsie Zwierzynieckie, Zwierzyniec, Kraków, województwo małopolskie, 30-062, Polska",museum,50.06043135,19.9236201200417,0.77871426287808,Olga_Boznanska.txt
55ea0371-239e-4bc1-8faf-ba14e5af1c11,"Treccani, Mantua, Lombardia, Włochy",hamlet,45.2924124,10.589975,0.375,Olga_Boznanska.txt
8ec0b20d-ffdd-4843-bd34-07649d95185e,"Krzeszowice, gmina Krzeszowice, powiat krakowski, województwo małopolskie, 32-065, Polska",administrative,50.1350246,19.6320164,0.53234996441856,Olga_Drahonowska-Malkowska.txt
1d77a9c2-5175-4050-926b-bd4444a573d1,Polska,administrative,52.0977181,19.0258159,0.99229898543353,Olga_Drahonowska-Malkowska.txt
6de84d99-f602-4c81-abe1-afebc1948a5f,Polska,administrative,52.0977181,19.0258159,0.89229898543353,Olga_Drahonowska-Malkowska.txt
3c6f2e6a-f77f-48fb-a3ea-d5cf84dde6c2,"Zakopane, powiat tatrzański, województwo małopolskie, Polska",administrative,49.2969446,19.950659,0.67669778967783,Olga_Drahonowska-Malkowska.txt
93387e20-d43f-48c0-a8af-5c099314f4a1,"Krzeszowice, gmina Krzeszowice, powiat krakowski, województwo małopolskie, 32-065, Polska",administrative,50.1350246,19.6320164,0.53234996441856,Olga_Drahonowska-Malkowska.txt
8a160f72-89ce-43d1-94e1-7a74a2b714f1,"Kraków, województwo małopolskie, Polska",administrative,50.04691015,19.9970637622827,0.81714770710777,Olga_Drahonowska-Malkowska.txt
530a6166-461f-49cb-99ac-10443d85023f,"Lwów, rejon halicki, Rada Miejska Lwowa, Obwód lwowski, Ukraina",city,49.841952,24.0315921,0.78998765957834,Olga_Drahonowska-Malkowska.txt
9967c7be-d9cd-46c9-8ff2-f74c62289290,"Lwów, rejon halicki, Rada Miejska Lwowa, Obwód lwowski, Ukraina",city,49.841952,24.0315921,0.78998765957834,Olga_Drahonowska-Malkowska.txt
4793b13a-2fb5-4d05-adbc-5516eadca029,"Lwów, rejon halicki, Rada Miejska Lwowa, Obwód lwowski, Ukraina",city,49.841952,24.0315921,0.78998765957834,Olga_Drahonowska-Malkowska.txt
de06e456-8b61-4028-9024-6f084440c2e7,"Lwów, rejon halicki, Rada Miejska Lwowa, Obwód lwowski, Ukraina",city,49.841952,24.0315921,0.78998765957834,Olga_Drahonowska-Malkowska.txt
6b8b55a9-d72d-4e64-bdbe-b1b87da4ce9f,"Lwów, rejon halicki, Rada Miejska Lwowa, Obwód lwowski, Ukraina",city,49.841952,24.0315921,0.78998765957834,Olga_Drahonowska-Malkowska.txt
d19176f3-9a1e-4b96-8358-6c6d909815a6,"Zakopane, powiat tatrzański, województwo małopolskie, Polska",administrative,49.2969446,19.950659,0.67669778967783,Olga_Drahonowska-Malkowska.txt
9daeabfe-3432-4e95-8422-fa154aa5322b,"Zakopane, powiat tatrzański, województwo małopolskie, Polska",administrative,49.2969446,19.950659,0.67669778967783,Olga_Drahonowska-Malkowska.txt
1b4617f1-29c7-4a43-82b7-ff458bc4e984,"Dolina, Rejon doliński, Obwód iwanofrankiwski, Ukraina",administrative,48.9735775,23.980418,0.49838108857397,Olga_Drahonowska-Malkowska.txt
9bcd6659-7d3a-4a2a-a1e9-a118d0ce39a7,Polska,administrative,52.0977181,19.0258159,0.99229898543353,Olga_Drahonowska-Malkowska.txt
749d3bb1-7ce8-459e-ac7c-ef32e94106c4,"Wiedeń, Austria",administrative,48.2202097,16.3712159737999,0.89144681705381,Olga_Drahonowska-Malkowska.txt
75e78c3b-961e-4aea-93ac-c3b8ddecd281,Europa,continent,51.0,10.0,0.95710131393241,Olga_Drahonowska-Malkowska.txt
76fcb907-ca7a-4d3d-bb74-3c2bb8b31c96,Szwajcaria,administrative,46.7985624,8.2319736,0.95809962364501,Olga_Drahonowska-Malkowska.txt
d3f29a99-7480-4a51-b6ca-39787d83b707,"Chexbres, District de Lavaux-Oron, Vaud, 1071, Szwajcaria",administrative,46.4809505,6.7803021,0.47300331552197,Olga_Drahonowska-Malkowska.txt
877f7cbf-2956-4d40-bc5b-574b76aef1c3,"Lozanna, District de Lausanne, Vaud, Szwajcaria",city,46.5218269,6.6327025,0.75534860049941,Olga_Drahonowska-Malkowska.txt
f42ac5bc-6a72-4eea-97b7-b3a89e7282db,Polska,administrative,52.0977181,19.0258159,0.99229898543353,Olga_Drahonowska-Malkowska.txt
c96e6a21-166c-4b8e-91e2-c160ba3315b7,Polska,administrative,52.0977181,19.0258159,0.99229898543353,Olga_Drahonowska-Malkowska.txt
e29e48a7-691e-4a86-b6c7-d51ca681dcc6,Polska,administrative,52.0977181,19.0258159,0.99229898543353,Olga_Drahonowska-Malkowska.txt
7a78c205-1b5f-4b38-8d16-bc054cd68a4b,"Kuźnice, gmina Pruszcz Gdański, powiat gdański, województwo pomorskie, 83-010, Polska",hamlet,54.2694444,18.5855556,0.375,Olga_Drahonowska-Malkowska.txt
d032a2e5-9e4f-4b72-b377-8a5ecec71073,"Świder, gmina Wola Mysłowska, powiat łukowski, województwo lubelskie, Polska",river,51.9004131,21.925132,0.325,Olga_Drahonowska-Malkowska.txt
b98d75eb-3e70-49f2-b52b-d05b044787f1,"Sromowce Wyżne, gmina Czorsztyn, powiat nowotarski, województwo małopolskie, 34-445, Polska",administrative,49.4052226,20.3402657,0.4677614384343,Olga_Drahonowska-Malkowska.txt
0249019f-d437-4f1d-bee2-074ceed4f7bd,"Pustelnia, gmina Wronki, powiat szamotulski, województwo wielkopolskie, 64-513, Polska",peak,52.7160803,16.1509163,0.4,Olga_Drahonowska-Malkowska.txt
00376ff3-c5f2-434f-91d9-41381bf858f9,"Parafia pw. Świętego Stanisława Biskupa i Męczennika w Sromowcach Wyżnych, K1638, Sromowce Wyżne, gmina Czorsztyn, powiat nowotarski, województwo małopolskie, 34-445, Polska",religious_administration,49.41317745,20.3519937395906,0.101,Olga_Drahonowska-Malkowska.txt
231d7fcf-e6d5-4ea7-933e-7b5365945fc0,Polska,administrative,52.0977181,19.0258159,0.89229898543353,Olga_Drahonowska-Malkowska.txt
7ef96865-e6e0-4d2e-80d7-0a2d68472a46,"Bucz, gmina Przemęt, powiat wolsztyński, województwo wielkopolskie, Polska",administrative,52.00468,16.38491,0.390701435537,Olga_Drahonowska-Malkowska.txt
769d5617-5806-4b0c-93c5-2c1c55a093c4,"Krzeszowice, gmina Krzeszowice, powiat krakowski, województwo małopolskie, 32-065, Polska",administrative,50.1350246,19.6320164,0.53234996441856,Olga_Drahonowska-Malkowska.txt
dc865638-0f42-4da9-a0f5-5393723eac5e,Wielka Brytania,administrative,55.367,-3.96141844454237,1.0669205638616,Olga_Drahonowska-Malkowska.txt
1b32be06-6c22-466d-8103-ba67af7e0221,"Castlemains Cottage, Sanquhar, Dumfries and Galloway, Szkocja, Wielka Brytania",farmyard,55.36204675,-3.91610870741448,0.3,Olga_Drahonowska-Malkowska.txt
e501766d-6046-43bd-bf5c-d37209411e2c,"Warszawa, województwo mazowieckie, Polska",administrative,52.2337172,21.0714111288323,0.86290184643018,Olga_Drahonowska-Malkowska.txt
4ed79639-9185-4a80-81a2-27965c69ef49,"Hawson Court, South Hams, Devon, South West England, Anglia, TQ11 0HR, Wielka Brytania",locality,50.498126,-3.811043,0.45,Olga_Drahonowska-Malkowska.txt
30522b4a-9291-4369-b84b-9aa48805db89,Polska,administrative,52.0977181,19.0258159,0.99229898543353,Olga_Drahonowska-Malkowska.txt
b5c189c3-20a7-4b7f-8236-4a4ab35d0bd1,Wielka Brytania,administrative,55.367,-3.96141844454237,0.9669205638616,Olga_Drahonowska-Malkowska.txt
43dd286d-5048-4e39-a03f-8187684e8ecc,"Wrocław, województwo dolnośląskie, Polska",administrative,51.1263106,16.9781963305126,0.78897963585302,Olga_Drahonowska-Malkowska.txt
103f4e9d-849d-4905-810e-5697a0e97cad,"Małe Żywczańskie, Zakopane, powiat tatrzański, województwo małopolskie, Polska",administrative,49.2883333,19.9505556,0.3,Olga_Drahonowska-Malkowska.txt
830ec241-d796-4af2-ae82-c447109a097e,"Zakopane, powiat tatrzański, województwo małopolskie, Polska",administrative,49.2969446,19.950659,0.67669778967783,Olga_Drahonowska-Malkowska.txt
d19e4823-cab3-43ec-84a7-51adabdd1ac2,"powiat nowotarski, województwo małopolskie, Polska",administrative,49.4938988,19.9991674049907,0.49748726415965,Olga_Drahonowska-Malkowska.txt
68123f54-68d6-4793-b442-58fb12f2a222,"Zakopane, powiat tatrzański, województwo małopolskie, Polska",administrative,49.2969446,19.950659,0.67669778967783,Olga_Drahonowska-Malkowska.txt
2ff0b71b-7ac1-4f6f-911f-dec649f00118,"Teatr im. Wandy Siemaszkowej, 9, Sokoła, Baldachówka, Śródmieście, Rzeszów, województwo podkarpackie, 35-010, Polska",theatre,50.03893115,21.9995051536791,0.43865352680439,Olga_Drahonowska-Malkowska.txt
a3350eb2-de1c-4ab6-a2e6-b512f49ae9d8,"Sanok, powiat sanocki, województwo podkarpackie, Polska",administrative,49.5609053,22.207028,0.61763943481311,Olga_Drahonowska-Malkowska.txt
807b1032-4b10-4d33-91cc-ded7a8066fdf,"Adam, Galați, 807116, Rumunia",administrative,46.030269,27.72912970969,0.55,Olga_Drahonowska-Malkowska.txt
83f31ee5-fd53-4656-b479-0b5ff26b70b8,"Zakład Narodowy imienia Ossolińskich, 37, Szewska, Stare Miasto, Osiedle Stare Miasto, Wrocław, województwo dolnośląskie, 50-139, Polska",library,51.113851,17.0371375155122,0.59179062851629,Olga_Drahonowska-Malkowska.txt
57a258d9-e594-4ca7-816e-c0a80a7da36e,"Skwer dh. Olgi i Andrzeja Małkowskich, Osiedle Flotylla, Śródmieście, Świnoujście, województwo zachodniopomorskie, Polska",park,53.9076788,14.2528476125759,0.45,Olga_Drahonowska-Malkowska.txt
4f8d7de4-c2f5-4d27-bc4f-1e96f137252b,"1, Skwer, Centrum Południe, Leśny Dwór, Bukowno, powiat olkuski, województwo małopolskie, 32-332, Polska",yes,50.2625738,19.458242630549,0.101,Olga_Drahonowska-Malkowska.txt
2360a0c1-7c29-406e-a94c-377cf3804cbf,"Mokotów, Warszawa, województwo mazowieckie, Polska",administrative,52.1939874,21.0457809,0.5492908350601,Olga_Drahonowska-Malkowska.txt
7dcaabe7-0c39-487a-9eb2-831387931051,"Okolska, Henryków, Mokotów, Warszawa, województwo mazowieckie, 02-509, Polska",residential,52.197251,21.0252104,0.1,Olga_Drahonowska-Malkowska.txt
c62d0597-4b91-4d37-bc16-14410c43fd1b,"Łazienki, XII, Śródmieście, Warszawa, województwo mazowieckie, 00-460, Polska",park,52.2125712,21.0337983536164,0.37089725346413,Olga_Drahonowska-Malkowska.txt
baf03aac-bd0f-488c-82d3-99b71f5a9553,"Krzyk, Pod Lasem, Gierałtowiczki, gmina Wieprz, powiat wadowicki, województwo małopolskie, 34-122, Polska",forest_compartment,49.9463839,19.3793042349208,0.101,Olga_Drahonowska-Malkowska.txt
f104edba-f34f-416d-9701-58afb99af55d,Norwegia,administrative,60.5000209,9.0999715,0.84327127610462,Olga_Drahonowska-Malkowska.txt
1570ad52-0e02-4273-8e9b-5dc49105d725,"Zakopane, powiat tatrzański, województwo małopolskie, Polska",administrative,49.2969446,19.950659,0.67669778967783,Olga_Drahonowska-Malkowska.txt
d3b4ec4f-c8ed-464d-b4a8-c7b915225bee,"Lwów, rejon halicki, Rada Miejska Lwowa, Obwód lwowski, Ukraina",city,49.841952,24.0315921,0.78998765957834,Olga_Drahonowska-Malkowska.txt
7beaf765-dc62-40df-a7b8-1525f5991592,"Lwów, rejon halicki, Rada Miejska Lwowa, Obwód lwowski, Ukraina",city,49.841952,24.0315921,0.78998765957834,Olga_Drahonowska-Malkowska.txt
3b79e549-5556-42c2-8bd7-080ff6dccc47,"Warszawa, województwo mazowieckie, Polska",administrative,52.2337172,21.0714111288323,0.86290184643018,Olga_Drahonowska-Malkowska.txt
c9e4e5f1-894c-40ed-bbdc-759da7d626fc,"Zakopane, powiat tatrzański, województwo małopolskie, Polska",administrative,49.2969446,19.950659,0.67669778967783,Olga_Drahonowska-Malkowska.txt
ca0cfb37-3dc0-4197-b89e-999f59fdd597,Polska,administrative,52.0977181,19.0258159,0.99229898543353,Olga_Drahonowska-Malkowska.txt
2ff0b824-ea07-446f-8c2f-40b1484a9220,Polska,administrative,52.0977181,19.0258159,0.99229898543353,Olga_Drahonowska-Malkowska.txt
bb9707ae-7198-4f97-b860-80f0eec23cc4,"Tarnów, województwo małopolskie, Polska",administrative,50.0259883,20.9640584269623,0.6607935659315,Olga_Drahonowska-Malkowska.txt
4ae62c5b-3ffb-4c93-9b0e-a0f92a9d4909,"Sanok, powiat sanocki, województwo podkarpackie, Polska",administrative,49.5609053,22.207028,0.61763943481311,Olga_Drahonowska-Malkowska.txt
627b3fae-04fb-4806-8689-6cd227930f53,"Międzyrzec, Rejon korzecki, Obwód rówieński, 34725, Ukraina",village,50.663448,26.868099,0.43266098988735,Olga_Drahonowska-Malkowska.txt
66abe6f0-cc76-4245-b06c-d88c38cacde2,"Warszawa, województwo mazowieckie, Polska",administrative,52.2337172,21.0714111288323,0.86290184643018,Olga_Drahonowska-Malkowska.txt
0132253d-ac0e-4bf4-b820-9a0f883edbe9,"Bielsko-Biała, województwo śląskie, Polska",administrative,49.81207845,19.0291988020139,0.7683177888685,Olga_Drahonowska-Malkowska.txt
e45eac87-c6cc-4c9c-8ac7-8882122091f8,"Warszawa, województwo mazowieckie, Polska",administrative,52.2337172,21.0714111288323,0.86290184643018,Olga_Drahonowska-Malkowska.txt
12b495fa-7d24-4652-a1f6-e4c039667dfe,"Warszawa, województwo mazowieckie, Polska",administrative,52.2337172,21.0714111288323,0.86290184643018,Olga_Drahonowska-Malkowska.txt
4d0fd354-6d1e-49ff-b46f-77286f147260,"Tarnów, województwo małopolskie, Polska",administrative,50.0259883,20.9640584269623,0.6607935659315,Olga_Drahonowska-Malkowska.txt
50435f23-56f2-4ee1-a3b0-9f53c0765b3c,Polska,administrative,52.0977181,19.0258159,0.89229898543353,Olga_Drahonowska-Malkowska.txt
ed679356-fd6e-4e20-8312-5e25f002fb46,"Koszajec, gmina Rybno, powiat sochaczewski, województwo mazowieckie, 96-514, Polska",village,52.2619763,20.0347751,0.32603047907589,Seweryna_Duchinska.txt
115a7143-c023-4cea-82b6-3a99115606b9,"Paryż, Île-de-France, Francja",administrative,48.85881005,2.32003101155031,0.96893459932191,Seweryna_Duchinska.txt
085b8db2-8f96-428a-95f8-c00198d04dfe,"Hôtel Monbar, Rue Pannecau, Petit Bayonne, Bajonna, Pireneje-Atlantyckie, Nowa Akwitania, Francja, 64100, Francja",hotel,43.4897385,-1.4732496,0.101,Seweryna_Duchinska.txt
e528b6e6-c142-44f0-9131-6da4a39769f2,"Sochaczew, powiat sochaczewski, województwo mazowieckie, Polska",administrative,52.2269697,20.2422249,0.5743381619192,Seweryna_Duchinska.txt
4a464ffe-320e-4694-8f17-7fad2e4ad836,"Warszawa, województwo mazowieckie, Polska",administrative,52.2337172,21.0714111288323,0.86290184643018,Seweryna_Duchinska.txt
c9da7519-1689-4695-a3a0-269dfe0c0371,"Warszawa, województwo mazowieckie, Polska",administrative,52.2337172,21.0714111288323,0.86290184643018,Seweryna_Duchinska.txt
af51db69-baaa-4011-be20-2ef905126437,"Miodowy Dom, Unii Lubelskiej, Janiska, Starówka, Kołobrzeg, powiat kołobrzeski, województwo zachodniopomorskie, 78-100, Polska",apartments,54.18044435,15.5771233660188,0.101,Seweryna_Duchinska.txt
263c91f3-1ea7-4ced-8849-a8690a3f36e0,Francja,administrative,46.603354,1.8883335,1.0612226863487,Seweryna_Duchinska.txt
554e54a5-291f-42a3-bbed-f09fb6cc4092,"Pruszków, powiat pruszkowski, województwo mazowieckie, Polska",administrative,52.1626141,20.8080199,0.58684328515999,Seweryna_Duchinska.txt
1524f6c0-2913-4f3c-9e2b-008008f2e5cb,"Koszajec, gmina Rybno, powiat sochaczewski, województwo mazowieckie, 96-514, Polska",village,52.2619763,20.0347751,0.32603047907589,Seweryna_Duchinska.txt
1b7e204b-0d85-47ab-a989-9d088f6304fa,"Warszawa, województwo mazowieckie, Polska",administrative,52.2337172,21.0714111288323,0.86290184643018,Seweryna_Duchinska.txt
36d6c7da-692d-4b81-84a4-5b2ebe1ea3dc,"Warszawa, województwo mazowieckie, Polska",administrative,52.2337172,21.0714111288323,0.86290184643018,Seweryna_Duchinska.txt
36771c74-1095-4856-a875-efce16196b2c,"Warszawa, województwo mazowieckie, Polska",administrative,52.2337172,21.0714111288323,0.86290184643018,Seweryna_Duchinska.txt
5618249b-7cd8-4cc4-8b5f-186272c6fb08,"Warszawa, województwo mazowieckie, Polska",administrative,52.2337172,21.0714111288323,0.86290184643018,Seweryna_Duchinska.txt
