1	1	muzeum historia	[muzeum Historii]	22.5	2	27	27	6
2	2	muzeum historia Polska	[muzeum Historii Polski]	19.019550008653876	3	14	10	5
3	2	budowa muzeum historia Polska	[budowa Muzeum Historii Polski]	19.019550008653876	4	12	0	0
4	3	cytadela warszawski	[cytadela warszawska]	11.0	2	11	0	0
5	4	warsztat plastyczny	[warsztat plastyczny]	8.0	2	8	0	0
6	5	spot promocyjny cykl	[spot promocyjny cyklu]	7.924812503605781	3	5	0	0
7	5	audiobook muzeum historia Polska	[audiobook Muzeum Historii Polski]	7.924812503605781	4	5	0	0
8	6	wydarzenie historyczny	[wydarzenie historyczne]	7.0	2	7	0	0
9	7	cud Polska	[cud Polski]	6.0	2	6	0	0
10	8	Polska	[Polska]	5.757142857142857	1	64	45	7
11	9	Łukasz	[Łukasz]	4.800000000000001	1	48	0	0
12	10	II wojna światowy	[II wojna światowa]	4.754887502163469	3	3	0	0
13	11	II RP	[II RP]	4.75	2	6	5	4
14	12	Starowieyski	[Starowieyski]	4.7	1	48	3	3
15	13	historia	[historia]	4.65	1	51	45	10
16	14	II Rzeczpospolita	[II Rzeczpospolita]	4.0	2	4	0	0
17	14	dawny Polska	[dawna Polska]	4.0	2	4	0	0
18	14	historia Polska	[historia Polski]	4.0	2	4	0	0
19	14	I Rzeczpospolita	[I Rzeczpospolita]	4.0	2	5	3	3
20	15	klasyk polski historiografia	[klasyk polskiej historiografii]	3.1699250014423126	3	2	0	0
21	16	kłamstwo katyński	[kłamstwo katyńskie]	3.0	2	3	0	0
22	16	World war	[World war]	3.0	2	3	0	0
23	16	panel 3	[panel 3]	3.0	2	3	0	0
24	16	panel 2	[panel 2]	3.0	2	3	0	0
25	17	muzeum	[muzeum]	2.25	1	27	27	6
26	18	audiobook	[audiobook]	2.0	1	24	8	2
27	18	związek sowiecki	[związek sowiecki]	2.0	2	2	0	0
28	18	zwiastun film	[zwiastun filmu]	2.0	2	2	0	0
29	18	historia mówiony	[historia Mówiona]	2.0	2	2	0	0
30	18	patriotyzm jutro	[patriotyzm jutra]	2.0	2	2	0	0
31	18	getto warszawski	[getto warszawskie]	2.0	2	2	0	0
32	18	powstanie warszawski	[powstanie warszawskie]	2.0	2	3	1	1
33	18	państwo podziemny	[państwo podziemne]	2.0	2	2	0	0
34	18	krótki historia	[krótka historia]	2.0	2	2	0	0
35	18	ziemia polski	[ziemia polska]	2.0	2	2	0	0
36	18	sprawa polski	[sprawa polska]	2.0	2	2	0	0
37	18	stan wojenny	[stan wojenny]	2.0	2	3	2	2
38	18	prezentacja audiobook	[prezentacja audiobooków]	2.0	2	2	0	0
39	18	III Rzesza	[III Rzesza]	2.0	2	3	2	2
40	18	panel 1	[panel 1]	2.0	2	3	1	1
41	18	zagadka rozwiązać	[zagadka rozwiązana]	2.0	2	2	0	0
42	18	insurekcja warszawski	[insurekcja warszawska]	2.0	2	2	0	0
43	18	wystawa stały muzeum historia Polska	[wystawa stała Muzeum Historii Polski]	2.0	5	2	0	0
44	18	historia wielki magnat prasowy II RP	[historia największego magnata prasowego II RP]	2.0	6	2	0	0
45	19	tajemnica przyszły imperium	[tajemnica przyszłego imperium]	1.5849625007211563	3	1	0	0
46	19	codzienność konspiracyjny AK	[codzienność konspiracyjna AK]	1.5849625007211563	3	1	0	0
47	19	betonować płyta stropodach	[betonowanie płyty stropodachu]	1.5849625007211563	3	1	0	0
48	19	mit epoka Gierek	[mit epoki Gierka]	1.5849625007211563	3	1	0	0
49	19	styczniowy dziecko Isfahan	[styczniowe dziecko Isfahanu]	1.5849625007211563	3	1	0	0
50	19	polityka I Rzeczpospolita	[polityka I Rzeczpospolitej]	1.5849625007211563	3	1	0	0
51	19	1 teatr cień	[1 teatr Cieni]	1.5849625007211563	3	1	0	0
52	19	złamanie kod enigma	[złamanie kodu Enigmy]	1.5849625007211563	3	1	0	0
53	19	wielki kobieta średniowiecze	[wielka kobieta średniowiecza]	1.5849625007211563	3	1	0	0
54	19	polski montaż dźwig	[polski montaż dźwigu]	1.5849625007211563	3	1	0	0
55	19	Rok monarchia konstytucyjny	[Rok monarchii konstytucyjnej]	1.5849625007211563	3	1	0	0
56	19	upadek powstanie warszawski	[upadek Powstania Warszawskiego]	1.5849625007211563	3	1	0	0
57	19	szlak Stanisław Maczek	[szlak Stanisława Maczka]	1.5849625007211563	3	1	0	0
58	19	kwestia niepodległość Białoruś	[kwestia niepodległości Białorusi]	1.5849625007211563	3	1	0	0
59	19	państwo stan wyjątkowy	[państwo stanu wyjątkowego]	1.5849625007211563	3	1	0	0
60	19	wielki wojna Rzeczpospolita	[wielka wojna Rzeczpospolitej]	1.5849625007211563	3	1	0	0
61	19	twarz Józef Piłsudski	[twarz Józefa Piłsudskiego]	1.5849625007211563	3	1	0	0
62	19	panel 1 en	[panel 1 EN]	1.5849625007211563	3	1	0	0
63	19	budowa muzeum historia	[budowa Muzeum Historii]	1.5849625007211563	3	13	12	1
64	19	białoruski Republika Ludowy	[białoruska Republiki Ludowej]	1.5849625007211563	3	1	0	0
65	19	Duma gospodarka PRL	[Duma gospodarki PRL]	1.5849625007211563	3	1	0	0
66	19	historia ruch wolnomularski	[historia ruchu wolnomularskiego]	1.5849625007211563	3	1	0	0
67	19	kolektywizacja polski wieś	[kolektywizacja polskiej wsi]	1.5849625007211563	3	1	0	0
68	19	obrona miasto kresowy	[obrona miast kresowych]	1.5849625007211563	3	1	0	0
69	19	dzieje duży plaga	[dzieje największej plagi]	1.5849625007211563	3	1	0	0
70	19	pierwszy powszechny wybory	[pierwsze powszechne wybory]	1.5849625007211563	3	1	0	0
71	19	barbarzyński polityka Stalin	[barbarzyńska polityka Stalina]	1.5849625007211563	3	1	0	0
72	19	ewakuacja armia Anders	[ewakuacja Armii Andersa]	1.5849625007211563	3	1	0	0
73	19	propaganda III Rzesza	[propaganda III Rzeszy]	1.5849625007211563	3	1	0	0
74	19	Henryk pobożny szczepienie	[Henryk pobożny Szczepienia]	1.5849625007211563	3	1	0	0
75	19	rocznica katastrofa smoleński	[rocznica KATASTROFY SMOLEŃSKIEJ]	1.5849625007211563	3	1	0	0
76	19	powstać armia krajowy	[powstanie Armii Krajowej]	1.5849625007211563	3	1	0	0
77	19	zapomnieć polski cud	[zapomniany polski cud]	1.5849625007211563	3	1	0	0
78	19	polski myśl techniczny	[polska myśl techniczna]	1.5849625007211563	3	1	0	0
79	19	narodziny II RP	[narodziny II RP]	1.5849625007211563	3	1	0	0
80	19	nowy Warszawa English	[nowa Warszawa ENGLISH]	1.5849625007211563	3	1	0	0
81	19	fenomen legion polski	[fenomen Legionów Polskich]	1.5849625007211563	3	1	0	0
82	19	montaż dźwigar dach	[montaż dźwigarów dachu]	1.5849625007211563	3	1	0	0
83	19	twarz stan wojenny	[twarz stanu wojennego]	1.5849625007211563	3	1	0	0
84	19	skarb I rzeczpospolita	[skarb I Rzeczpospolitej]	1.5849625007211563	3	1	0	0
85	19	prezentacja cykl audiobook	[prezentacja cyklu audiobooków]	1.5849625007211563	3	1	0	0
86	19	ostatni rycerz Rzeczpospolita	[ostatni rycerz Rzeczpospolitej]	1.5849625007211563	3	1	0	0
87	19	urząd prezydent RP	[urząd Prezydenta RP]	1.5849625007211563	3	1	0	0
88	19	Wielki emigracja Rosjanin	[Wielka emigracja Rosjan]	1.5849625007211563	3	1	0	0
89	19	tajemnica wielki Księstwo	[tajemnica Wielkiego Księstwa]	1.5849625007211563	3	1	0	0
90	19	odrodzenie dawny rzeczpospolita	[odrodzenie dawnej Rzeczpospolitej]	1.5849625007211563	3	1	0	0
91	19	twórca imperium rosyjski	[twórca Imperium Rosyjskiego]	1.5849625007211563	3	1	0	0
92	19	+lecie stan wojenny	[lecie stanu wojennego]	1.5849625007211563	3	1	0	0
93	19	polityka II RP	[polityka II RP]	1.5849625007211563	3	1	0	0
94	19	zbrodnia wojenny Rosjanin	[zbrodnia wojenna Rosjan]	1.5849625007211563	3	1	0	0
95	19	IV rozbiór Polska	[IV rozbiór Polski]	1.5849625007211563	3	1	0	0
96	19	fenomen wolny elekcja	[fenomen wolnych elekcji]	1.5849625007211563	3	1	0	0
97	19	elitarny jazda rzeczpospolita	[elitarna jazda Rzeczpospolitej]	1.5849625007211563	3	1	0	0
98	19	tajemnica obraz Jan Matejko	[tajemnica obrazów Jana Matejki]	1.5849625007211563	4	1	0	0
99	19	historia fabryka samochód osobowy	[historia Fabryki Samochodów Osobowych]	1.5849625007211563	4	1	0	0
100	19	gospodarka niedobór II RP	[gospodarka niedoboru II RP]	1.5849625007211563	4	1	0	0
101	19	kryminalny stolica II rzeczpospolita	[kryminalna stolica II Rzeczypospolitej]	1.5849625007211563	4	1	0	0
102	19	długi trwanie polski demokracja	[długie trwanie polskiej demokracji]	1.5849625007211563	4	1	0	0
103	19	czas chwała I Rzeczpospolita	[czas chwały I Rzeczpospolitej]	1.5849625007211563	4	1	0	0
104	19	powszechny zjazd historyk polski	[powszechny zjazd Historyków Polskich]	1.5849625007211563	4	1	0	0
105	19	konsekwencja wybór Karol Wojtyła	[konsekwencja wyboru Karola Wojtyły]	1.5849625007211563	4	1	0	0
106	19	ostatni wojna I rzeczpospolita	[ostatnia wojna I Rzeczpospolitej]	1.5849625007211563	4	1	0	0
107	19	kolekcja muzeum historia Polska	[kolekcja Muzeum Historii Polski]	1.5849625007211563	4	1	0	0
108	19	uroczysty gala wręczyć nagroda	[uroczysta gala wręczenia nagród]	1.5849625007211563	4	1	0	0
109	19	animowany historia Marian Walentynowicz	[animowana historia MARIANA WALENTYNOWICZA]	1.5849625007211563	4	1	0	0
110	19	zapomnieć kraina I Rzeczpospolita	[zapomniana kraina I Rzeczpospolitej]	1.5849625007211563	4	1	0	0
111	19	rabunkowy polityka III Rzesza	[rabunkowa polityka III Rzeszy]	1.5849625007211563	4	1	0	0
112	20	Rzeczpospolita	[Rzeczpospolita]	1.3	1	15	14	7
113	21	wojna	[wojna]	1.2400000000000002	1	14	8	5
114	22	Polak	[Polak]	1.1	1	11	0	0
115	23	Antoni	[Antoni]	1.0	1	10	0	0
116	23	słuchowisko	[słuchowisko]	1.0	1	10	0	0
117	23	lew salonowy	[lew salonowy]	1.0	2	1	0	0
118	23	ziemia odzyskać	[ziemia odzyskana]	1.0	2	1	0	0
119	23	wersja niemieckojęzyczny	[wersja niemieckojęzyczna]	1.0	2	1	0	0
120	23	rewolucja godność	[rewolucja Godności]	1.0	2	1	0	0
121	23	głęboki dekolt	[głęboki dekolt]	1.0	2	1	0	0
122	23	testament Rzeczpospolita	[testament Rzeczypospolitej]	1.0	2	1	0	0
123	23	Władimir Putin	[Władimir Putina]	1.0	2	1	0	0
124	23	dynastia Waz	[dynastia Wazów]	1.0	2	1	0	0
125	23	cudowny dziecko	[cudowne dziecko]	1.0	2	1	0	0
126	23	barwa kampania	[barwa kampanii]	1.0	2	1	0	0
127	23	prawo międzynarodowy	[prawo międzynarodowe]	1.0	2	1	0	0
128	23	część pierwszy	[część pierwsza]	1.0	2	1	0	0
129	23	historia ludowy	[historia ludowa]	1.0	2	1	0	0
130	23	Prawda historia	[Prawda historii]	1.0	2	1	0	0
131	23	prawda ekran	[prawda ekranu]	1.0	2	1	0	0
132	23	Katarzyna Wielki	[Katarzyna Wielka]	1.0	2	1	0	0
133	23	zbrodzień Wehrmacht	[zbrodzień Wehrmachtu]	1.0	2	1	0	0
134	23	pierwszy eksponat	[pierwszy eksponat]	1.0	2	1	0	0
135	23	demokracja szlachecki	[demokracja szlachecka]	1.0	2	1	0	0
136	23	zakon templariusz	[zakon templariuszy]	1.0	2	1	0	0
137	23	gospodarczy zwrot	[gospodarczy zwrot]	1.0	2	1	0	0
138	23	rewolucja technologiczny	[rewolucja technologiczna]	1.0	2	1	0	0
139	23	wyprawa krzyżowy	[wyprawa krzyżowa]	1.0	2	1	0	0
140	23	życie codzienny	[życie codzienne]	1.0	2	1	0	0
141	23	zbrodnia wołyński	[zbrodnia wołyńska]	1.0	2	1	0	0
142	23	trudny sąsiedztwo	[trudne sąsiedztwo]	1.0	2	1	0	0
143	23	brzemię zwycięstwo	[brzemię ZWYCIĘSTWA]	1.0	2	1	0	0
144	23	nowy Warszawa	[nowa Warszawa]	1.0	2	2	1	1
145	23	sztuka zagrabić	[sztuka zagrabiona]	1.0	2	1	0	0
146	23	dzieje przemoc	[dzieje przemocy]	1.0	2	1	0	0
147	23	księstwo warszawski	[księstwo warszawskie]	1.0	2	1	0	0
148	23	imperium osmański	[imperium osmańskie]	1.0	2	1	0	0
149	23	wybitny naukowiec	[wybitny naukowiec]	1.0	2	1	0	0
150	23	instrukcja obsługa	[instrukcja obsługi]	1.0	2	1	0	0
151	23	Stan wojenny	[Stan wojenny]	1.0	2	1	0	0
152	23	granica zachód	[granica Zachodu]	1.0	2	1	0	0
153	23	duży tragedia	[największa tragedia]	1.0	2	1	0	0
154	23	wolny Europa	[wolna Europa]	1.0	2	1	0	0
155	23	zmarnować marzenie	[zmarnowane marzenie]	1.0	2	1	0	0
156	23	rosyjski myśliwiec	[rosyjski myśliwiec]	1.0	2	1	0	0
157	23	dwudziestolecie międzywojenny	[dwudziestolecie międzywojenne]	1.0	2	1	0	0
158	23	Kazimierz wielki	[Kazimierz wielki]	1.0	2	1	0	0
159	23	warsztaty plastyczny	[warsztaty plastyczne]	1.0	2	1	0	0
160	23	operacja polski	[operacja polska]	1.0	2	1	0	0
161	23	kino historyczny	[kino historyczne]	1.0	2	1	0	0
162	23	malarz niepodległość	[malarz niepodległości]	1.0	2	1	0	0
163	23	igrzyska olimpijski	[igrzyska olimpijskie]	1.0	2	1	0	0
164	23	dziki zachód	[dziki zachód]	1.0	2	1	0	0
165	23	budowa siedziba	[budowa siedziby]	1.0	2	1	0	0
166	23	kary Wojna	[kary Wojna]	1.0	2	1	0	0
167	23	stary bóstwo	[stare bóstwo]	1.0	2	1	0	0
168	23	Starowieyski PRL	[Starowieyski PRL]	1.0	2	1	0	0
169	23	wielki marzenie	[wielkie marzenie]	1.0	2	1	0	0
170	23	rozbicie dzielnicowy	[rozbicie dzielnicowe]	1.0	2	1	0	0
171	23	historia mówić	[historia mówiona]	1.0	2	1	0	0
172	23	historia wieś	[historia wsi]	1.0	2	1	0	0
173	23	montaż dach	[montaż dachu]	1.0	2	1	0	0
174	23	edycja plebiscyt	[edycja Plebiscytu]	1.0	2	1	0	0
175	23	Story of	[Story OF]	1.0	2	1	0	0
176	23	unia europejski	[unia europejska]	1.0	2	1	0	0
177	23	nieludzki ziemia	[nieludzka ziemia]	1.0	2	1	0	0
178	23	królewski domino	[królewskie domino]	1.0	2	1	0	0
179	23	kultura piwo	[kultura piwa]	1.0	2	1	0	0
180	23	czarny diabeł	[czarny diabeł]	1.0	2	1	0	0
181	23	powstanie śląski	[powstanie śląskie]	1.0	2	1	0	0
182	23	syn Krzywousty	[syn Krzywoustego]	1.0	2	1	0	0
183	23	kolekcja zwierzę	[kolekcja zwierząt]	1.0	2	1	0	0
184	23	rosyjski napis	[rosyjski napis]	1.0	2	1	0	0
185	23	bezkształtny Polska	[bezkształtna Polska]	1.0	2	1	0	0
186	23	rodzina Romanów	[rodzina Romanowów]	1.0	2	1	0	0
187	23	saga rod	[saga rodu]	1.0	2	1	0	0
188	23	Losa żołnierz	[Losa żołnierzy]	1.0	2	1	0	0
189	23	Starowieyski PKB	[Starowieyski PKB]	1.0	2	1	0	0
190	23	odbudowa Warszawa	[odbudowa Warszawy]	1.0	2	1	0	0
191	23	Zamoyski plaga	[Zamoyski Plagi]	1.0	2	1	0	0
192	23	Kawała polityczny	[Kawała polityczna]	1.0	2	1	0	0
193	23	państwo robotnik	[państwo robotników]	1.0	2	1	0	0
194	23	wielki plan	[wielki plan]	1.0	2	1	0	0
195	23	kampania wrześniowy	[kampania wrześniowa]	1.0	2	1	0	0
196	23	szkolnictwo żeński	[szkolnictwo żeńskie]	1.0	2	1	0	0
197	23	Bolesław krzywousty	[Bolesław krzywousty]	1.0	2	1	0	0
198	23	polski złoty	[polski złoty]	1.0	2	1	0	0
199	23	polityczny brelok	[polityczny brelok]	1.0	2	1	0	0
200	23	pajęczy ślad	[pajęczy ślad]	1.0	2	1	0	0
201	23	los Polska	[los Polski]	1.0	2	1	0	0
202	23	wspólny niebo	[wspólne niebo]	1.0	2	1	0	0
203	23	klęska żywiołowy	[klęska żywiołowa]	1.0	2	1	0	0
204	23	dawny wiek	[dawny wiek]	1.0	2	1	0	0
205	23	zbrodnia ludobójstwo	[zbrodnia ludobójstwa]	1.0	2	1	0	0
206	23	praca trzyzmianowy	[praca trzyzmianowa]	1.0	2	1	0	0
207	23	trójkąt małżeński	[trójkąt małżeński]	1.0	2	1	0	0
208	23	żołnierz wykląć	[żołnierz wyklęty]	1.0	2	1	0	0
209	23	narodowy ofiara	[narodowa ofiara]	1.0	2	1	0	0
210	23	wojna szlachta	[wojna szlachty]	1.0	2	1	0	0
211	23	internowany młodość	[internowana młodość]	1.0	2	1	0	0
212	23	moskiewski tron	[moskiewski tron]	1.0	2	1	0	0
213	23	starcie umysł	[starcie umysłów]	1.0	2	1	0	0
214	23	Stefan Batory	[Stefan Batory]	1.0	2	1	0	0
215	23	front kartka	[front Kartki]	1.0	2	1	0	0
216	23	rozliczać komunizm	[rozliczanie komunizmu]	1.0	2	1	0	0
217	23	powojenny stolica	[powojenna stolica]	1.0	2	1	0	0
218	23	Starowieyski Losa	[Starowieyski Losy]	1.0	2	1	0	0
219	23	część drugi	[część druga]	1.0	2	1	0	0
220	23	I nowoczesność	[I nowoczesność]	1.0	2	1	0	0
221	23	europejski mocarstwo	[europejskie mocarstwo]	1.0	2	1	0	0
222	23	Stanisława Maczek	[Stanisława Maczka]	1.0	2	1	0	0
223	23	najazd mongolski	[najazd mongolski]	1.0	2	1	0	0
224	23	Polska Norwid	[Polska Norwida]	1.0	2	1	0	0
225	23	dzieje świat	[dzieje świata]	1.0	2	1	0	0
226	23	życie polski	[życie polskie]	1.0	2	1	0	0
227	23	oświecony zagłada	[oświecona zagłada]	1.0	2	1	0	0
228	23	czas stanisławowski	[czas stanisławowski]	1.0	2	1	0	0
229	23	pospolity ruszenie	[pospolite ruszenie]	1.0	2	1	0	0
230	23	sportowy potęga	[sportowa potęga]	1.0	2	1	0	0
231	23	współtwórca niepodległość	[współtwórca niepodległości]	1.0	2	1	0	0
232	23	Ochotnica wojna	[Ochotnica wojny]	1.0	2	1	0	0
233	23	notacja filmowy	[notacja filmowa]	1.0	2	1	0	0
234	23	prezentacja laureat	[prezentacja laureatów]	1.0	2	1	0	0
235	23	wpływ Watykan	[wpływ Watykanu]	1.0	2	1	0	0
236	23	staropolski ogroda	[staropolska ogroda]	1.0	2	1	0	0
237	23	biografia caryca	[biografia carycy]	1.0	2	1	0	0
238	23	średniowieczny polityka	[średniowieczna polityka]	1.0	2	1	0	0
239	23	wesoły święto	[wesołe święto]	1.0	2	1	0	0
240	23	straszny wojna	[straszna wojna]	1.0	2	1	0	0
241	23	odsiecz wiedeński	[odsiecz wiedeńska]	1.0	2	1	0	0
242	23	akcja społeczny	[akcja społeczna]	1.0	2	1	0	0
243	23	spot 15	[spot 15]	1.0	2	1	0	0
244	23	powstanie styczniowy	[powstanie styczniowe]	1.0	2	1	0	0
245	23	czas strach	[czas strachu]	1.0	2	1	0	0
246	23	wielki głód	[wielki głód]	1.0	2	1	0	0
247	23	dawny Rzeczpospolita	[dawna Rzeczpospolita]	1.0	2	1	0	0
248	23	mały człowiek	[mały człowiek]	1.0	2	1	0	0
249	23	unia lubelski	[unia lubelska]	1.0	2	1	0	0
250	23	tworzyć granica	[tworzenie granic]	1.0	2	1	0	0
251	23	pamięć Deutsche	[pamięć DEUTSCHE]	1.0	2	1	0	0
252	23	reforma Balcerowicz	[reforma BALCEROWICZA]	1.0	2	1	0	0
253	23	czarny legenda	[czarna legenda]	1.0	2	1	0	0
254	23	XII wiek	[XII wiek]	1.0	2	1	0	0
255	23	Kazimierz Wielki	[Kazimierz Wielkim]	1.0	2	1	0	0
256	23	partia rosyjski	[partia rosyjska]	1.0	2	1	0	0
257	23	wielki awantura	[wielka awantura]	1.0	2	1	0	0
258	23	Górny Śląsk	[Górny Śląsk]	1.0	2	1	0	0
259	23	historia zaraza	[historia zarazy]	1.0	2	1	0	0
260	23	historyczny pisarz	[historyczny pisarz]	1.0	2	1	0	0
261	23	reforma agrarny	[reforma agrarna]	1.0	2	1	0	0
262	23	rozgłośnia wolność	[rozgłośnia wolności]	1.0	2	1	0	0
263	23	Związek sowiecki	[Związku sowiecki]	1.0	2	1	0	0
264	23	mrok legenda	[mrok legend]	1.0	2	1	0	0
265	23	noc sylwestrowy	[noc sylwestrowa]	1.0	2	1	0	0
266	23	święto Konstytucja	[święto Konstytucji]	1.0	2	1	0	0
267	23	poszukiwać prawda	[poszukiwanie prawdy]	1.0	2	1	0	0
268	23	malarstwo historyczny	[malarstwo historyczne]	1.0	2	1	0	0
269	23	angielski tron	[angielski tron]	1.0	2	1	0	0
270	23	wykorzystać triumf	[niewykorzystany triumf]	1.0	2	1	0	0
271	23	III Rzeczpospolita	[III Rzeczpospolita]	1.0	2	1	0	0
272	23	Bolesław II	[Bolesław II]	1.0	2	1	0	0
273	23	tragedia górnośląski	[tragedia górnośląska]	1.0	2	1	0	0
274	23	czerwony kartka	[czerwona kartka]	1.0	2	1	0	0
275	23	program grantowy muzeum historia Polska	[program grantowy Muzeum Historii Polski]	1.0	5	1	0	0
276	23	uroczysty przekazać dar rodzina Białous	[uroczyste przekazanie darów rodziny Białousów]	1.0	5	1	0	0
277	23	gra planszowy muzeum historia Polska	[gra planszowa Muzeum Historii Polski]	1.0	5	1	0	0
278	23	rzeczny autostrada Polska epoka nowożytny	[rzeczna autostrada Polski epoki nowożytnej]	1.0	5	1	0	0
279	24	Władysław	[Władysław]	0.9	1	9	0	0
280	25	Pawlicki	[Pawlicki]	0.8	1	8	0	0
281	25	rozmowa	[rozmowa]	0.8	1	8	0	0
282	26	rzeczpospolita	[rzeczpospolita]	0.775	1	9	5	4
283	27	budowa	[budowa]	0.7000000000000001	1	14	14	2
284	27	król	[król]	0.7000000000000001	1	7	0	0
285	27	PRL	[PRL]	0.7000000000000001	1	8	2	2
286	28	Stanisław	[Stanisław]	0.6000000000000001	1	7	1	1
287	28	bitwa	[bitwa]	0.6000000000000001	1	6	0	0
288	28	spot	[spot]	0.6000000000000001	1	9	6	2
289	28	niepodległość	[niepodległość]	0.6000000000000001	1	7	3	3
290	28	Ukraina	[Ukraina]	0.6000000000000001	1	6	0	0
291	28	panel	[panel]	0.6000000000000001	1	9	9	3
292	28	Łoziński	[Łoziński]	0.6000000000000001	1	6	0	0
293	29	Warszawa	[Warszawa]	0.55	1	7	3	2
294	30	lewo	[lewo]	0.5	1	5	0	0
295	30	debata	[debata]	0.5	1	5	0	0
296	30	prawo	[prawo]	0.5	1	6	1	1
297	30	of	[of]	0.5	1	6	1	1
298	30	czas	[czas]	0.5	1	6	3	3
299	30	Maczek	[Maczek]	0.5	1	6	2	2
300	31	polityka	[polityka]	0.47500000000000003	1	6	5	4
301	32	powstanie	[powstanie]	0.43333333333333335	1	6	5	3
302	33	enigma	[enigma]	0.4	1	5	1	1
303	33	zbrodnia	[zbrodnia]	0.4	1	5	3	3
304	33	generał	[generał]	0.4	1	4	0	0
305	33	Józef	[Józef]	0.4	1	5	1	1
306	33	wolność	[wolność]	0.4	1	5	1	1
307	33	Henryk	[Henryk]	0.4	1	5	1	1
308	34	państwo	[państwo]	0.3666666666666667	1	5	4	3
309	35	RP	[RP]	0.35000000000000003	1	7	7	2
310	36	kto	[kto]	0.30000000000000004	1	3	0	0
311	36	the	[The]	0.30000000000000004	1	3	0	0
312	36	Marian	[Marian]	0.30000000000000004	1	4	1	1
313	36	komunista	[komunista]	0.30000000000000004	1	3	0	0
314	36	end	[end]	0.30000000000000004	1	3	0	0
315	36	Ukrainiec	[Ukrainiec]	0.30000000000000004	1	3	0	0
316	36	tajemnica	[tajemnica]	0.30000000000000004	1	4	3	3
317	36	ziemia	[ziemia]	0.30000000000000004	1	5	4	2
318	36	Jagiełło	[Jagiełło]	0.30000000000000004	1	3	0	0
319	36	Jan	[Jan]	0.30000000000000004	1	4	1	1
320	36	cud	[cud]	0.30000000000000004	1	10	7	1
321	36	skutek	[skutek]	0.30000000000000004	1	3	0	0
322	36	pamięć	[pamięć]	0.30000000000000004	1	4	1	1
323	36	Jerzy	[Jerzy]	0.30000000000000004	1	3	0	0
324	36	cykl	[cykl]	0.30000000000000004	1	6	6	2
325	36	Tadeusz	[Tadeusz]	0.30000000000000004	1	3	0	0
326	36	Rosja	[Rosja]	0.30000000000000004	1	3	0	0
327	36	mit	[mit]	0.30000000000000004	1	4	1	1
328	36	perspektywa	[perspektywa]	0.30000000000000004	1	3	0	0
329	36	wystawa	[wystawa]	0.30000000000000004	1	5	2	1
330	37	prezentacja	[prezentacja]	0.2666666666666667	1	4	4	3
331	37	stan	[stan]	0.2666666666666667	1	4	4	3
332	38	imperium	[imperium]	0.25	1	4	3	2
333	39	życie	[życie]	0.2	1	3	2	2
334	39	The	[THE]	0.2	1	2	0	0
335	39	Marysieńka	[Marysieńka]	0.2	1	2	0	0
336	39	Andrzej	[Andrzej]	0.2	1	2	0	0
337	39	wybory	[wybory]	0.2	1	3	1	1
338	39	zdrada	[zdrada]	0.2	1	2	0	0
339	39	Danuta	[Danuta]	0.2	1	2	0	0
340	39	świat	[świat]	0.2	1	3	1	1
341	39	Kazimierz	[Kazimierz]	0.2	1	3	2	2
342	39	fenomen	[fenomen]	0.2	1	3	2	2
343	39	unia	[unia]	0.2	1	3	2	2
344	39	kartka	[kartka]	0.2	1	3	2	2
345	39	Łokietek	[Łokietek]	0.2	1	2	0	0
346	39	Stenka	[Stenka]	0.2	1	2	0	0
347	39	Wisła	[Wisła]	0.2	1	2	0	0
348	39	Piłsudski	[Piłsudski]	0.2	1	3	1	1
349	39	Marcin	[Marcin]	0.2	1	2	0	0
350	39	papież	[papież]	0.2	1	2	0	0
351	39	Wacław	[Wacław]	0.2	1	2	0	0
352	39	stolica	[stolica]	0.2	1	3	2	2
353	39	Czeczot	[Czeczot]	0.2	1	2	0	0
354	39	Katyń	[Katyń]	0.2	1	2	0	0
355	39	Żeleński	[Żeleński]	0.2	1	2	0	0
356	39	spacer	[spacer]	0.2	1	2	0	0
357	39	Bolesław	[Bolesław]	0.2	1	3	2	2
358	39	konferencja	[konferencja]	0.2	1	2	0	0
359	39	bariera	[bariera]	0.2	1	2	0	0
360	39	odbudowa	[odbudowa]	0.2	1	3	1	1
361	39	Krzysztof	[Krzysztof]	0.2	1	2	0	0
362	39	Grunwald	[Grunwald]	0.2	1	2	0	0
363	39	Mackiewicz	[Mackiewicz]	0.2	1	2	0	0
364	39	Ferdynand	[Ferdynand]	0.2	1	2	0	0
365	39	Bosak	[Bosak]	0.2	1	2	0	0
366	39	sukces	[sukces]	0.2	1	2	0	0
367	39	droga	[droga]	0.2	1	2	0	0
368	39	Olga	[Olga]	0.2	1	2	0	0
369	39	Litwa	[Litwa]	0.2	1	2	0	0
370	39	marzenie	[marzenie]	0.2	1	3	2	2
371	39	Wiktor	[Wiktor]	0.2	1	2	0	0
372	39	Więdłocha	[Więdłocha]	0.2	1	2	0	0
373	39	Giedroyć	[Giedroyć]	0.2	1	2	0	0
374	39	Agnieszka	[Agnieszka]	0.2	1	2	0	0
375	39	Aleksander	[Aleksander]	0.2	1	2	0	0
376	39	przystanek	[przystanek]	0.2	1	2	0	0
377	39	naród	[naród]	0.2	1	2	0	0
378	39	Warszawska	[Warszawska]	0.2	1	2	0	0
379	39	Hitler	[Hitler]	0.2	1	2	0	0
380	39	Zborowski	[Zborowski]	0.2	1	2	0	0
381	39	dzieje	[dzieje]	0.2	1	3	3	3
382	39	konstytucja	[konstytucja]	0.2	1	2	0	0
383	39	Mieszko	[Mieszko]	0.2	1	2	0	0
384	39	Bołądź	[Bołądź]	0.2	1	2	0	0
385	39	Boy	[Boy]	0.2	1	2	0	0
386	39	zwycięzca	[zwycięzca]	0.2	1	2	0	0
387	39	kultura	[kultura]	0.2	1	3	1	1
388	39	kara	[kara]	0.2	1	2	0	0
389	39	Moskwa	[Moskwa]	0.2	1	2	0	0
390	39	wydarzenie	[wydarzenie]	0.2	1	9	7	1
391	39	montaż	[montaż]	0.2	1	3	3	3
392	39	Tokarz	[Tokarz]	0.2	1	2	0	0
393	39	Niemiec	[Niemiec]	0.2	1	2	0	0
394	39	zamek	[zamek]	0.2	1	2	0	0
395	39	opowieść	[opowieść]	0.2	1	2	0	0
396	39	Sobieska	[Sobieska]	0.2	1	2	0	0
397	39	żołnierz	[żołnierz]	0.2	1	4	2	1
398	39	wieś	[wieś]	0.2	1	3	2	2
399	39	przepis	[przepis]	0.2	1	2	0	0
400	39	seria	[seria]	0.2	1	2	0	0
401	40	Dorn	[Dorn]	0.1	1	1	0	0
402	40	lektor	[lektor]	0.1	1	1	0	0
403	40	dyplomacja	[dyplomacja]	0.1	1	1	0	0
404	40	marszałek	[marszałek]	0.1	1	1	0	0
405	40	aliant	[aliant]	0.1	1	1	0	0
406	40	Gruber	[Gruber]	0.1	1	1	0	0
407	40	wspólnota	[wspólnota]	0.1	1	1	0	0
408	40	wino	[wino]	0.1	1	1	0	0
409	40	instrukcja	[instrukcja]	0.1	1	2	1	1
410	40	Huculszczyzna	[Huculszczyzna]	0.1	1	1	0	0
411	40	centrum	[centrum]	0.1	1	1	0	0
412	40	Karski	[Karski]	0.1	1	1	0	0
413	40	Cedynia	[Cedynia]	0.1	1	1	0	0
414	40	reparacja	[reparacja]	0.1	1	1	0	0
415	40	Marzec	[Marzec]	0.1	1	1	0	0
416	40	kłamstwo	[kłamstwo]	0.1	1	4	3	1
417	40	Napoleon	[Napoleon]	0.1	1	1	0	0
418	40	drużyna	[drużyna]	0.1	1	1	0	0
419	40	pan	[pan]	0.1	1	1	0	0
420	40	Stalin	[Stalin]	0.1	1	2	1	1
421	40	Sienkiewicz	[Sienkiewicz]	0.1	1	1	0	0
422	40	potop	[potop]	0.1	1	1	0	0
423	40	zwycięstwo	[zwycięstwo]	0.1	1	2	1	1
424	40	Miasto	[Miasto]	0.1	1	1	0	0
425	40	niewola	[niewola]	0.1	1	1	0	0
426	40	epoka	[epoka]	0.1	1	2	2	2
427	40	husaria	[husaria]	0.1	1	1	0	0
428	40	barykada	[barykada]	0.1	1	1	0	0
429	40	gra	[gra]	0.1	1	2	1	1
430	40	upadek	[upadek]	0.1	1	2	1	1
431	40	Inflanty	[Inflanty]	0.1	1	1	0	0
432	40	Pomorze	[Pomorze]	0.1	1	1	0	0
433	40	opozycja	[opozycja]	0.1	1	1	0	0
434	40	korona	[korona]	0.1	1	1	0	0
435	40	walka	[walka]	0.1	1	1	0	0
436	40	Samsonowicz	[Samsonowicz]	0.1	1	1	0	0
437	40	polskie	[polskie]	0.1	1	1	0	0
438	40	oryginał	[oryginał]	0.1	1	1	0	0
439	40	przemoc	[przemoc]	0.1	1	2	1	1
440	40	tryumf	[tryumf]	0.1	1	1	0	0
441	40	debiut	[debiut]	0.1	1	1	0	0
442	40	Chwalba	[Chwalba]	0.1	1	1	0	0
443	40	Pawlina	[Pawlina]	0.1	1	1	0	0
444	40	Chrzanowski	[Chrzanowski]	0.1	1	1	0	0
445	40	Piast	[Piast]	0.1	1	1	0	0
446	40	Richard	[Richard]	0.1	1	1	0	0
447	40	Wojna	[Wojna]	0.1	1	2	1	1
448	40	medycyna	[medycyna]	0.1	1	1	0	0
449	40	magnat	[magnat]	0.1	1	3	2	1
450	40	NKWD	[NKWD]	0.1	1	1	0	0
451	40	bunt	[bunt]	0.1	1	1	0	0
452	40	zbrodzień	[zbrodzień]	0.1	1	2	1	1
453	40	moskal	[moskal]	0.1	1	1	0	0
454	40	Rawa	[Rawa]	0.1	1	1	0	0
455	40	Syberia	[Syberia]	0.1	1	1	0	0
456	40	chłopka	[chłopka]	0.1	1	1	0	0
457	40	Ryga	[Ryga]	0.1	1	1	0	0
458	40	rewolucja	[rewolucja]	0.1	1	2	2	2
459	40	uwaga	[uwaga]	0.1	1	1	0	0
460	40	wers	[wers]	0.1	1	1	0	0
461	40	Jagiellon	[Jagiellon]	0.1	1	1	0	0
462	40	wynalazek	[wynalazek]	0.1	1	1	0	0
463	40	szwedzki	[szwedzki]	0.1	1	1	0	0
464	40	Wielbłąd	[Wielbłąd]	0.1	1	1	0	0
465	40	cudzoziemszczyzna	[cudzoziemszczyzna]	0.1	1	1	0	0
466	40	hetman	[hetman]	0.1	1	1	0	0
467	40	okowita	[okowita]	0.1	1	1	0	0
468	40	English	[English]	0.1	1	2	1	1
469	40	analfabeta	[analfabeta]	0.1	1	1	0	0
470	40	powstaniec	[powstaniec]	0.1	1	1	0	0
471	40	Kolumb	[Kolumb]	0.1	1	1	0	0
472	40	Walentynowicz	[Walentynowicz]	0.1	1	2	1	1
473	40	testament	[testament]	0.1	1	2	1	1
474	40	czarownica	[czarownica]	0.1	1	1	0	0
475	40	rozkaz	[rozkaz]	0.1	1	1	0	0
476	40	kobieta	[kobieta]	0.1	1	2	1	1
477	40	Union	[Union]	0.1	1	1	0	0
478	40	Dmowski	[Dmowski]	0.1	1	1	0	0
479	40	rokosz	[rokosz]	0.1	1	1	0	0
480	40	książę	[książę]	0.1	1	1	0	0
481	40	Rataj	[Rataj]	0.1	1	1	0	0
482	40	Sarmata	[Sarmata]	0.1	1	1	0	0
483	40	przyjaciel	[przyjaciel]	0.1	1	1	0	0
484	40	lato	[lato]	0.1	1	1	0	0
485	40	Polesie	[Polesie]	0.1	1	1	0	0
486	40	książka	[książka]	0.1	1	1	0	0
487	40	przypadek	[przypadek]	0.1	1	1	0	0
488	40	Lenino	[Lenino]	0.1	1	1	0	0
489	40	Gawkowski	[Gawkowski]	0.1	1	1	0	0
490	40	futbol	[futbol]	0.1	1	1	0	0
491	40	rodzina	[rodzina]	0.1	1	2	2	2
492	40	kastrat	[kastrat]	0.1	1	1	0	0
493	40	Janowski	[Janowski]	0.1	1	1	0	0
494	40	osoba	[osoba]	0.1	1	1	0	0
495	40	początek	[początek]	0.1	1	1	0	0
496	40	war	[war]	0.1	1	4	3	1
497	40	statuetka	[statuetka]	0.1	1	1	0	0
498	40	gospodarka	[gospodarka]	0.1	1	2	2	2
499	40	podróż	[podróż]	0.1	1	1	0	0
500	40	Zygmunt	[Zygmunt]	0.1	1	1	0	0
501	40	ferajna	[ferajna]	0.1	1	1	0	0
502	40	obraz	[obraz]	0.1	1	2	1	1
503	40	elita	[elita]	0.1	1	1	0	0
504	40	los	[los]	0.1	1	2	1	1
505	40	topór	[topór]	0.1	1	1	0	0
506	40	chwała	[chwała]	0.1	1	2	1	1
507	40	Grudzień	[Grudzień]	0.1	1	1	0	0
508	40	Robert	[Robert]	0.1	1	1	0	0
509	40	bratanka	[bratanka]	0.1	1	1	0	0
510	40	Wrocław	[Wrocław]	0.1	1	1	0	0
511	40	Zaremba	[Zaremba]	0.1	1	1	0	0
512	40	bolszewik	[bolszewik]	0.1	1	1	0	0
513	40	część	[część]	0.1	1	2	2	2
514	40	milczenie	[milczenie]	0.1	1	1	0	0
515	40	Wujec	[Wujec]	0.1	1	1	0	0
516	40	Bartosz	[Bartosz]	0.1	1	1	0	0
517	40	Pułaski	[Pułaski]	0.1	1	1	0	0
518	40	Żółkiewski	[Żółkiewski]	0.1	1	1	0	0
519	40	Teheran	[Teheran]	0.1	1	1	0	0
520	40	kreml	[kreml]	0.1	1	1	0	0
521	40	dłubanka	[dłubanka]	0.1	1	1	0	0
522	40	lampion	[lampion]	0.1	1	1	0	0
523	40	Wojciech	[Wojciech]	0.1	1	1	0	0
524	40	Der	[Der]	0.1	1	1	0	0
525	40	Poczdam	[Poczdam]	0.1	1	1	0	0
526	40	Śmiały	[Śmiały]	0.1	1	1	0	0
527	40	morze	[morze]	0.1	1	1	0	0
528	40	Patkowski	[Patkowski]	0.1	1	1	0	0
529	40	renesans	[renesans]	0.1	1	1	0	0
530	40	mięso	[mięso]	0.1	1	1	0	0
531	40	Bochnak	[Bochnak]	0.1	1	1	0	0
532	40	at	[at]	0.1	1	1	0	0
533	40	Włoch	[Włoch]	0.1	1	1	0	0
534	40	władza	[władza]	0.1	1	1	0	0
535	40	Lublin	[Lublin]	0.1	1	1	0	0
536	40	Górska	[Górska]	0.1	1	1	0	0
537	40	zazdrość	[zazdrość]	0.1	1	1	0	0
538	40	Magdalena	[Magdalena]	0.1	1	1	0	0
539	40	Chopin	[Chopin]	0.1	1	1	0	0
540	40	społeczeństwo	[społeczeństwo]	0.1	1	1	0	0
541	40	notacja	[notacja]	0.1	1	2	1	1
542	40	Ameryka	[Ameryka]	0.1	1	1	0	0
543	40	włoszczyzna	[włoszczyzna]	0.1	1	1	0	0
544	40	geniusz	[geniusz]	0.1	1	1	0	0
545	40	Smoleński	[Smoleński]	0.1	1	1	0	0
546	40	tron	[tron]	0.1	1	2	2	2
547	40	kredyt	[kredyt]	0.1	1	1	0	0
548	40	szansa	[szansa]	0.1	1	1	0	0
549	40	Krzyżak	[Krzyżak]	0.1	1	1	0	0
550	40	Nowak	[Nowak]	0.1	1	1	0	0
551	40	katastrofa	[katastrofa]	0.1	1	2	1	1
552	40	zachód	[zachód]	0.1	1	2	2	2
553	40	przestroga	[przestroga]	0.1	1	1	0	0
554	40	napis	[napis]	0.1	1	2	1	1
555	40	Chrobry	[Chrobry]	0.1	1	1	0	0
556	40	multimedia	[multimedia]	0.1	1	1	0	0
557	40	kolonia	[kolonia]	0.1	1	1	0	0
558	40	reforma	[reforma]	0.1	1	2	2	2
559	40	prowincja	[prowincja]	0.1	1	1	0	0
560	40	rzeczywistość	[rzeczywistość]	0.1	1	1	0	0
561	40	dach	[dach]	0.1	1	2	2	2
562	40	radio	[radio]	0.1	1	1	0	0
563	40	Bóg	[Bóg]	0.1	1	1	0	0
564	40	polowanie	[polowanie]	0.1	1	1	0	0
565	40	plebiscyt	[plebiscyt]	0.1	1	2	1	1
566	40	średniowiecze	[średniowiecze]	0.1	1	2	1	1
567	40	Litwin	[Litwin]	0.1	1	1	0	0
568	40	komunizm	[komunizm]	0.1	1	2	1	1
569	40	królowa	[królowa]	0.1	1	1	0	0
570	40	Rosjanin	[Rosjanin]	0.1	1	2	2	2
571	40	Piastów	[Piastów]	0.1	1	1	0	0
572	40	Kijów	[Kijów]	0.1	1	1	0	0
573	40	łódź	[łódź]	0.1	1	1	0	0
574	40	Europa	[Europa]	0.1	1	2	1	1
575	40	ruch	[ruch]	0.1	1	2	1	1
576	40	stracona	[stracona]	0.1	1	1	0	0
577	40	Rakowski	[Rakowski]	0.1	1	1	0	0
578	40	Wigilia	[Wigilia]	0.1	1	1	0	0
579	40	armia	[armia]	0.1	1	2	2	2
580	40	krzywoprzysięzca	[krzywoprzysięzca]	0.1	1	1	0	0
581	40	dzwon	[dzwon]	0.1	1	1	0	0
582	40	dziedzic	[dziedzic]	0.1	1	1	0	0
583	40	Wilno	[Wilno]	0.1	1	1	0	0
584	40	okupacja	[okupacja]	0.1	1	1	0	0
585	40	rewolta	[rewolta]	0.1	1	1	0	0
586	40	cywil	[cywil]	0.1	1	1	0	0
587	40	opozycjonista	[opozycjonista]	0.1	1	1	0	0
588	40	Barska	[Barska]	0.1	1	1	0	0
589	40	koniec	[koniec]	0.1	1	1	0	0
590	40	Konrad	[Konrad]	0.1	1	1	0	0
591	40	Monte	[Monte]	0.1	1	1	0	0
592	40	Jałta	[Jałta]	0.1	1	1	0	0
593	40	zwiastun	[zwiastun]	0.1	1	3	2	1
594	40	Chmielowski	[Chmielowski]	0.1	1	1	0	0
595	40	Ludwik	[Ludwik]	0.1	1	1	0	0
596	40	tolerancja	[tolerancja]	0.1	1	1	0	0
597	40	su	[su]	0.1	1	1	0	0
598	40	kierunek	[kierunek]	0.1	1	1	0	0
599	40	kadra	[kadra]	0.1	1	1	0	0
600	40	story	[story]	0.1	1	1	0	0
601	40	symbol	[symbol]	0.1	1	1	0	0
602	40	Białorusin	[Białorusin]	0.1	1	1	0	0
603	40	trójpolówka	[trójpolówka]	0.1	1	1	0	0
604	40	legenda	[legenda]	0.1	1	2	2	2
605	40	epidemia	[epidemia]	0.1	1	1	0	0
606	40	edukacja	[edukacja]	0.1	1	1	0	0
607	40	przekręt	[przekręt]	0.1	1	1	0	0
608	40	General	[GENERAL]	0.1	1	1	0	0
609	40	life	[LIFE]	0.1	1	1	0	0
610	40	wiek	[wiek]	0.1	1	2	2	2
611	40	przyjaźń	[przyjaźń]	0.1	1	1	0	0
612	40	Wiesław	[Wiesław]	0.1	1	1	0	0
613	40	Piotr	[Piotr]	0.1	1	1	0	0
614	40	konspiracja	[konspiracja]	0.1	1	1	0	0
615	40	przemysł	[przemysł]	0.1	1	1	0	0
616	40	Sebastian	[Sebastian]	0.1	1	1	0	0
617	40	senat	[senat]	0.1	1	1	0	0
618	40	Poznań	[Poznań]	0.1	1	1	0	0
619	40	kolekcja	[kolekcja]	0.1	1	2	2	2
620	40	tytoń	[tytoń]	0.1	1	1	0	0
621	40	plaga	[plaga]	0.1	1	2	2	2
622	40	broń	[broń]	0.1	1	1	0	0
623	40	fakt	[fakt]	0.1	1	1	0	0
624	40	konfederacja	[konfederacja]	0.1	1	1	0	0
625	40	Jadwiga	[Jadwiga]	0.1	1	1	0	0
626	40	Lityński	[Lityński]	0.1	1	1	0	0
627	40	Kościuszko	[Kościuszko]	0.1	1	1	0	0
628	40	dziecko	[dziecko]	0.1	1	2	2	2
629	40	dyby	[dyby]	0.1	1	1	0	0
630	40	magia	[magia]	0.1	1	1	0	0
631	40	Rafał	[Rafał]	0.1	1	1	0	0
632	40	masoneria	[masoneria]	0.1	1	1	0	0
633	40	Wójcik	[Wójcik]	0.1	1	1	0	0
634	40	pisarz	[pisarz]	0.1	1	2	1	1
635	40	Listopad	[Listopad]	0.1	1	1	0	0
636	40	twarz	[twarz]	0.1	1	2	2	2
637	40	Cassino	[Cassino]	0.1	1	1	0	0
638	40	wspomnienie	[wspomnienie]	0.1	1	1	0	0
639	40	poganin	[poganin]	0.1	1	1	0	0
640	40	Węgier	[Węgier]	0.1	1	1	0	0
641	40	Adam	[Adam]	0.1	1	1	0	0
642	40	kopia	[kopia]	0.1	1	1	0	0
643	40	Fryderyk	[Fryderyk]	0.1	1	1	0	0
644	40	Lubelska	[Lubelska]	0.1	1	1	0	0
645	40	ekologia	[ekologia]	0.1	1	1	0	0
646	40	wersja	[wersja]	0.1	1	2	1	1
647	40	car	[car]	0.1	1	1	0	0
648	40	nadzieja	[nadzieja]	0.1	1	1	0	0
649	40	Poniatowski	[Poniatowski]	0.1	1	1	0	0
650	40	zaproszenie	[zaproszenie]	0.1	1	1	0	0
651	40	świadek	[świadek]	0.1	1	1	0	0
652	40	mistrz	[mistrz]	0.1	1	1	0	0
653	41	siedziba	[siedziba]	0.0	1	1	1	1
654	41	szlachta	[szlachta]	0.0	1	1	1	1
655	41	AK	[AK]	0.0	1	1	1	1
656	41	odsiecz	[odsiecz]	0.0	1	1	1	1
657	41	brzemię	[brzemię]	0.0	1	1	1	1
658	41	wręczyć	[wręczenie]	0.0	1	1	1	1
659	41	templariusz	[templariusz]	0.0	1	1	1	1
660	41	cień	[cień]	0.0	1	1	1	1
661	41	potęga	[potęga]	0.0	1	1	1	1
662	41	dźwig	[dźwig]	0.0	1	1	1	1
663	41	odrodzenie	[odrodzenie]	0.0	1	1	1	1
664	41	wpływ	[wpływ]	0.0	1	1	1	1
665	41	trójkąt	[trójkąt]	0.0	1	1	1	1
666	41	robotnik	[robotnik]	0.0	1	1	1	1
667	41	samochód	[samochód]	0.0	1	1	1	1
668	41	betonować	[betonowanie]	0.0	1	1	1	1
669	41	Karol	[Karol]	0.0	1	1	1	1
670	41	+lecie	[lecie]	0.0	1	1	1	1
671	41	nagroda	[nagroda]	0.0	1	1	1	1
672	41	zjazd	[zjazd]	0.0	1	1	1	1
673	41	autostrada	[autostrada]	0.0	1	1	1	1
674	41	głód	[głód]	0.0	1	1	1	1
675	41	demokracja	[demokracja]	0.0	1	2	2	1
676	41	Władimir	[Władimir]	0.0	1	1	1	1
677	41	nowoczesność	[nowoczesność]	0.0	1	1	1	1
678	41	przekazać	[przekazanie]	0.0	1	1	1	1
679	41	związek	[związek]	0.0	1	2	2	1
680	41	sztuka	[sztuka]	0.0	1	1	1	1
681	41	poszukiwać	[poszukiwanie]	0.0	1	1	1	1
682	41	umysł	[umysł]	0.0	1	1	1	1
683	41	insurekcja	[insurekcja]	0.0	1	2	2	1
684	41	szkolnictwo	[szkolnictwo]	0.0	1	1	1	1
685	41	malarz	[malarz]	0.0	1	1	1	1
686	41	bóstwo	[bóstwo]	0.0	1	1	1	1
687	41	Wojtyła	[Wojtyła]	0.0	1	1	1	1
688	41	Rok	[Rok]	0.0	1	1	1	1
689	41	rod	[rod]	0.0	1	1	1	1
690	41	cytadela	[cytadela]	0.0	1	11	11	1
691	41	Romanów	[Romanów]	0.0	1	1	1	1
692	41	biografia	[biografia]	0.0	1	1	1	1
693	41	tworzyć	[tworzenie]	0.0	1	1	1	1
694	41	akcja	[akcja]	0.0	1	1	1	1
695	41	operacja	[operacja]	0.0	1	1	1	1
696	41	sąsiedztwo	[sąsiedztwo]	0.0	1	1	1	1
697	41	ogroda	[ogroda]	0.0	1	1	1	1
698	41	lew	[lew]	0.0	1	1	1	1
699	41	święto	[święto]	0.0	1	2	2	1
700	41	płyta	[płyta]	0.0	1	1	1	1
701	41	naukowiec	[naukowiec]	0.0	1	1	1	1
702	41	mocarstwo	[mocarstwo]	0.0	1	1	1	1
703	41	miasto	[miasto]	0.0	1	1	1	1
704	41	dynastia	[dynastia]	0.0	1	1	1	1
705	41	Stan	[Stan]	0.0	1	1	1	1
706	41	strach	[strach]	0.0	1	1	1	1
707	41	skarb	[skarb]	0.0	1	1	1	1
708	41	człowiek	[człowiek]	0.0	1	1	1	1
709	41	jutro	[jutro]	0.0	1	2	2	1
710	41	malarstwo	[malarstwo]	0.0	1	1	1	1
711	41	piwo	[piwo]	0.0	1	1	1	1
712	41	Prawda	[Prawda]	0.0	1	1	1	1
713	41	niedobór	[niedobór]	0.0	1	1	1	1
714	41	Stefan	[Stefan]	0.0	1	1	1	1
715	41	noc	[noc]	0.0	1	1	1	1
716	41	elekcja	[elekcja]	0.0	1	1	1	1
717	41	Waz	[Waz]	0.0	1	1	1	1
718	41	Watykan	[Watykan]	0.0	1	1	1	1
719	41	Białous	[Białous]	0.0	1	1	1	1
720	41	rozgłośnia	[rozgłośnia]	0.0	1	1	1	1
721	41	ewakuacja	[ewakuacja]	0.0	1	1	1	1
722	41	program	[program]	0.0	1	1	1	1
723	41	Losa	[Losa]	0.0	1	2	2	1
724	41	plan	[plan]	0.0	1	1	1	1
725	41	triumf	[triumf]	0.0	1	1	1	1
726	41	myśliwiec	[myśliwiec]	0.0	1	1	1	1
727	41	klęska	[klęska]	0.0	1	1	1	1
728	41	Balcerowicz	[Balcerowicz]	0.0	1	1	1	1
729	41	szlak	[szlak]	0.0	1	1	1	1
730	41	dźwigar	[dźwigar]	0.0	1	1	1	1
731	41	konsekwencja	[konsekwencja]	0.0	1	1	1	1
732	41	Isfahan	[Isfahanu]	0.0	1	1	1	1
733	41	rozliczać	[rozliczanie]	0.0	1	1	1	1
734	41	dar	[dar]	0.0	1	1	1	1
735	41	zwrot	[zwrot]	0.0	1	1	1	1
736	41	domino	[domino]	0.0	1	1	1	1
737	41	igrzyska	[igrzyska]	0.0	1	1	1	1
738	41	szczepienie	[szczepienie]	0.0	1	1	1	1
739	41	kino	[kino]	0.0	1	1	1	1
740	41	fabryka	[fabryka]	0.0	1	1	1	1
741	41	zagadka	[zagadka]	0.0	1	2	2	1
742	41	front	[front]	0.0	1	1	1	1
743	41	gala	[gala]	0.0	1	1	1	1
744	41	warsztat	[warsztat]	0.0	1	8	8	1
745	41	Zamoyski	[Zamoyski]	0.0	1	1	1	1
746	41	teatr	[teatr]	0.0	1	1	1	1
747	41	Story	[Story]	0.0	1	1	1	1
748	41	prezydent	[prezydent]	0.0	1	1	1	1
749	41	caryca	[caryca]	0.0	1	1	1	1
750	41	kampania	[kampania]	0.0	1	2	2	1
751	41	warsztaty	[warsztaty]	0.0	1	1	1	1
752	41	Związek	[Związku]	0.0	1	1	1	1
753	41	Rzesza	[Rzesza]	0.0	1	3	3	1
754	41	Wehrmacht	[Wehrmacht]	0.0	1	1	1	1
755	41	ekran	[ekran]	0.0	1	1	1	1
756	41	Krzywousty	[Krzywoustego]	0.0	1	1	1	1
757	41	rozbicie	[rozbicie]	0.0	1	1	1	1
758	41	zaraza	[zaraza]	0.0	1	1	1	1
759	41	Katarzyna	[Katarzyna]	0.0	1	1	1	1
760	41	urząd	[urząd]	0.0	1	1	1	1
761	41	brelok	[brelok]	0.0	1	1	1	1
762	41	złamanie	[złamanie]	0.0	1	1	1	1
763	41	ofiara	[ofiara]	0.0	1	1	1	1
764	41	en	[en]	0.0	1	1	1	1
765	41	kraina	[kraina]	0.0	1	1	1	1
766	41	godność	[godność]	0.0	1	1	1	1
767	41	Putin	[Putin]	0.0	1	1	1	1
768	41	ruszenie	[ruszenie]	0.0	1	1	1	1
769	41	Batory	[Batory]	0.0	1	1	1	1
770	41	partia	[partia]	0.0	1	1	1	1
771	41	Norwid	[Norwid]	0.0	1	1	1	1
772	41	edycja	[edycja]	0.0	1	1	1	1
773	41	tragedia	[tragedia]	0.0	1	2	2	1
774	41	eksponat	[eksponat]	0.0	1	1	1	1
775	41	Gierek	[Gierek]	0.0	1	1	1	1
776	41	narodziny	[narodziny]	0.0	1	1	1	1
777	41	rozbiór	[rozbiór]	0.0	1	1	1	1
778	41	myśl	[myśl]	0.0	1	1	1	1
779	41	legion	[legion]	0.0	1	1	1	1
780	41	rocznica	[rocznica]	0.0	1	1	1	1
781	41	wybór	[wybór]	0.0	1	1	1	1
782	41	praca	[praca]	0.0	1	1	1	1
783	41	złoty	[złoty]	0.0	1	1	1	1
784	41	Anders	[Anders]	0.0	1	1	1	1
785	41	obsługa	[obsługa]	0.0	1	1	1	1
786	41	getto	[getto]	0.0	1	2	2	1
787	41	dekolt	[dekolt]	0.0	1	1	1	1
788	41	rycerz	[rycerz]	0.0	1	1	1	1
789	41	prasowy	[prasowy]	0.0	1	2	2	1
790	41	granica	[granica]	0.0	1	2	2	1
791	41	prawda	[prawda]	0.0	1	2	2	1
792	41	PKB	[PKB]	0.0	1	1	1	1
793	41	film	[film]	0.0	1	2	2	1
794	41	młodość	[młodość]	0.0	1	1	1	1
795	41	Białoruś	[Białoruś]	0.0	1	1	1	1
796	41	Śląsk	[Śląsk]	0.0	1	1	1	1
797	41	powstać	[powstanie]	0.0	1	1	1	1
798	41	zakon	[zakon]	0.0	1	1	1	1
799	41	Republika	[Republiki]	0.0	1	1	1	1
800	41	niebo	[niebo]	0.0	1	1	1	1
801	41	obrona	[obrona]	0.0	1	1	1	1
802	41	Ochotnica	[Ochotnica]	0.0	1	1	1	1
803	41	laureat	[laureat]	0.0	1	1	1	1
804	41	kwestia	[kwestia]	0.0	1	1	1	1
805	41	Duma	[Duma]	0.0	1	1	1	1
806	41	historiografia	[historiografia]	0.0	1	2	2	1
807	41	mrok	[mrok]	0.0	1	1	1	1
808	41	stropodach	[stropodach]	0.0	1	1	1	1
809	41	współtwórca	[współtwórca]	0.0	1	1	1	1
810	41	Stanisława	[Stanisława]	0.0	1	1	1	1
811	41	Deutsche	[DEUTSCHE]	0.0	1	1	1	1
812	41	emigracja	[emigracja]	0.0	1	1	1	1
813	41	syn	[syn]	0.0	1	1	1	1
814	41	ślad	[ślad]	0.0	1	1	1	1
815	41	trwanie	[trwanie]	0.0	1	1	1	1
816	41	zwierzę	[zwierzę]	0.0	1	1	1	1
817	41	propaganda	[propaganda]	0.0	1	1	1	1
818	41	historyk	[historyk]	0.0	1	1	1	1
819	41	awantura	[awantura]	0.0	1	1	1	1
820	41	klasyk	[klasyk]	0.0	1	2	2	1
821	41	Konstytucja	[Konstytucji]	0.0	1	1	1	1
822	41	codzienność	[codzienność]	0.0	1	1	1	1
823	41	zagłada	[zagłada]	0.0	1	1	1	1
824	41	Matejko	[Matejko]	0.0	1	1	1	1
825	41	księstwo	[księstwo]	0.0	1	1	1	1
826	41	monarchia	[monarchia]	0.0	1	1	1	1
827	41	Księstwo	[Księstwo]	0.0	1	1	1	1
828	41	twórca	[twórca]	0.0	1	1	1	1
829	41	kod	[kod]	0.0	1	1	1	1
830	41	sprawa	[sprawa]	0.0	1	2	2	1
831	41	barwa	[barwa]	0.0	1	1	1	1
832	41	patriotyzm	[patriotyzm]	0.0	1	2	2	1
833	41	Kawała	[Kawała]	0.0	1	1	1	1
834	41	dwudziestolecie	[dwudziestolecie]	0.0	1	1	1	1
835	41	saga	[saga]	0.0	1	1	1	1
836	41	ludobójstwo	[ludobójstwo]	0.0	1	1	1	1
837	41	starcie	[starcie]	0.0	1	1	1	1
838	41	kolektywizacja	[kolektywizacja]	0.0	1	1	1	1
839	41	wyprawa	[wyprawa]	0.0	1	1	1	1
840	41	jazda	[jazda]	0.0	1	1	1	1
841	41	najazd	[najazd]	0.0	1	1	1	1
842	41	diabeł	[diabeł]	0.0	1	1	1	1
843	41	miasto kresowy	[miasto kresowe]	0.0	2	1	1	1
844	41	Jan Matejko	[Jan Matejki]	0.0	2	1	1	1
845	41	polski demokracja	[polska demokracja]	0.0	2	1	1	1
846	41	kryminalny stolica	[kryminalna stolica]	0.0	2	1	1	1
847	41	wojna światowy	[wojna światowa]	0.0	2	3	3	1
848	41	dźwigar dach	[dźwigar dachu]	0.0	2	1	1	1
849	41	ostatni rycerz	[ostatni rycerz]	0.0	2	1	1	1
850	41	wielki wojna	[wielka wojna]	0.0	2	1	1	1
851	41	płyta stropodach	[płyta stropodachu]	0.0	2	1	1	1
852	41	długi trwanie	[długie trwanie]	0.0	2	1	1	1
853	41	animowany historia	[animowana historia]	0.0	2	1	1	1
854	41	Karol Wojtyła	[Karol Wojtyły]	0.0	2	1	1	1
855	41	armia krajowy	[armia krajowa]	0.0	2	1	1	1
856	41	samochód osobowy	[samochód osobowy]	0.0	2	1	1	1
857	41	przyszły imperium	[przyszłe imperium]	0.0	2	1	1	1
858	41	IV rozbiór	[IV rozbiór]	0.0	2	1	1	1
859	41	twórca imperium	[twórca Imperium]	0.0	2	1	1	1
860	41	skarb I	[skarb I]	0.0	2	1	1	1
861	41	zapomnieć kraina	[zapomniana kraina]	0.0	2	1	1	1
862	41	spot promocyjny	[spot promocyjny]	0.0	2	5	5	1
863	41	montaż dźwig	[montaż dźwigu]	0.0	2	1	1	1
864	41	Wielki emigracja	[Wielka emigracja]	0.0	2	1	1	1
865	41	Duma gospodarka	[Duma gospodarki]	0.0	2	1	1	1
866	41	wręczyć nagroda	[wręczenie nagród]	0.0	2	1	1	1
867	41	elitarny jazda	[elitarna jazda]	0.0	2	1	1	1
868	41	epoka nowożytny	[epoka nowożytna]	0.0	2	1	1	1
869	41	wolny elekcja	[wolna elekcja]	0.0	2	1	1	1
870	41	duży plaga	[największa plaga]	0.0	2	1	1	1
871	41	fenomen legion	[fenomen Legionów]	0.0	2	1	1	1
872	41	katastrofa smoleński	[katastrofa smoleńska]	0.0	2	1	1	1
873	41	gospodarka niedobór	[gospodarka niedoboru]	0.0	2	1	1	1
874	41	polski historiografia	[polska historiografia]	0.0	2	2	2	1
875	41	rabunkowy polityka	[rabunkowa polityka]	0.0	2	1	1	1
876	41	wystawa stały	[wystawa stała]	0.0	2	2	2	1
877	41	magnat prasowy	[magnat prasowego]	0.0	2	2	2	1
878	41	zbrodnia wojenny	[zbrodnia wojenna]	0.0	2	1	1	1
879	41	ostatni wojna	[ostatnia wojna]	0.0	2	1	1	1
880	41	stan wyjątkowy	[stan wyjątkowy]	0.0	2	1	1	1
881	41	barbarzyński polityka	[barbarzyńska polityka]	0.0	2	1	1	1
882	41	złamanie kod	[złamanie kodu]	0.0	2	1	1	1
883	41	Marian Walentynowicz	[Marian WALENTYNOWICZA]	0.0	2	1	1	1
884	41	codzienność konspiracyjny	[codzienność konspiracyjna]	0.0	2	1	1	1
885	41	urząd prezydent	[urząd Prezydenta]	0.0	2	1	1	1
886	41	rodzina Białous	[rodzina Białousów]	0.0	2	1	1	1
887	41	armia Anders	[armia Andersa]	0.0	2	1	1	1
888	41	kobieta średniowiecze	[kobieta średniowiecza]	0.0	2	1	1	1
889	41	Republika Ludowy	[Republiki Ludowej]	0.0	2	1	1	1
890	41	gra planszowy	[gra planszowa]	0.0	2	1	1	1
891	41	ruch wolnomularski	[ruch wolnomularski]	0.0	2	1	1	1
892	41	prezentacja cykl	[prezentacja cyklu]	0.0	2	1	1	1
893	41	uroczysty gala	[uroczysta gala]	0.0	2	1	1	1
894	41	czas chwała	[czas chwały]	0.0	2	1	1	1
895	41	program grantowy	[program grantowy]	0.0	2	1	1	1
896	41	Stanisław Maczek	[Stanisław Maczka]	0.0	2	1	1	1
897	41	I rzeczpospolita	[I rzeczpospolita]	0.0	2	1	1	1
898	41	monarchia konstytucyjny	[monarchia konstytucyjna]	0.0	2	1	1	1
899	41	powszechny wybory	[powszechne wybory]	0.0	2	1	1	1
900	41	epoka Gierek	[epoka Gierka]	0.0	2	1	1	1
901	41	styczniowy dziecko	[styczniowe dziecko]	0.0	2	1	1	1
902	41	wielki Księstwo	[wielkie Księstwo]	0.0	2	1	1	1
903	41	uroczysty przekazać	[uroczyste przekazanie]	0.0	2	1	1	1
904	41	myśl techniczny	[myśl techniczna]	0.0	2	1	1	1
905	41	niepodległość Białoruś	[niepodległość Białorusi]	0.0	2	1	1	1
906	41	Józef Piłsudski	[Józef Piłsudskiego]	0.0	2	1	1	1
907	41	rzeczny autostrada	[rzeczna autostrada]	0.0	2	1	1	1
908	41	teatr cień	[teatr Cieni]	0.0	2	1	1	1
909	41	powszechny zjazd	[powszechny zjazd]	0.0	2	1	1	1
910	41	wielki magnat prasowy	[największy magnat prasowego]	0.0	3	2	2	1
911	41	obraz Jan Matejko	[obraz Jana Matejki]	0.0	3	1	1	1
912	41	fabryka samochód osobowy	[fabryka Samochodów Osobowych]	0.0	3	1	1	1
913	41	wybór Karol Wojtyła	[wybór Karola Wojtyły]	0.0	3	1	1	1
914	41	rzeczny autostrada Polska	[rzeczna autostrada Polski]	0.0	3	1	1	1
915	41	powszechny zjazd historyk	[powszechny zjazd Historyków]	0.0	3	1	1	1
916	41	uroczysty przekazać dar	[uroczyste przekazanie darów]	0.0	3	1	1	1
917	41	wielki magnat prasowy II RP	[największy magnat prasowego II RP]	0.0	5	2	2	1
